QN_no6s_stamen_number,QN_mean_stamen_number,no6s_stamen_number,mean_stamen_number,id,QTL1,QTL3,QTL4,QTL5
-0.958860818,-1.145690884,5.333333333,5.333333333,2,b,b,a,b
-1.766454744,-1.898028653,4.888888889,4.888888889,3,a,a,a,a
-1.766454744,-1.898028653,4.888888889,4.888888889,6,a,a,a,a
-1.371872628,-1.526348577,5.111111111,5.111111111,7,a,a,a,a
-2.797207657,-2.890511561,4.5,4.5,8,a,a,a,a
-1.371872628,-1.526348577,5.111111111,5.111111111,9,a,a,a,a
0.051706088,-0.283331051,5.75,5.75,10,,b,a,a
-1.201953761,-1.368505677,5.2,5.2,11,a,a,a,a
-0.728193988,-0.938325959,5.444444444,5.444444444,13,b,a,a,a
-1.642359785,-1.780464342,4.933333333,4.933333333,14,a,a,a,a
-0.678550556,-0.894314122,5.466666667,5.466666667,16,a,b,a,a
,1.136447727,,6,18,a,a,a,a
-0.084083943,-0.390517596,5.722222222,5.722222222,19,a,b,a,a
0.03230753,-0.298417394,5.736111111,5.736111111,20,b,b,b,a
-0.408386844,-0.659436695,5.6,5.6,21,b,b,a,a
0.129569271,-0.223589258,5.777777778,5.777777778,23,a,b,a,a
0.129569271,-0.223589258,5.777777778,5.777777778,24,b,b,a,a
-0.234711077,-0.513370313,5.666666667,5.666666667,25,b,b,a,a
-1.201953761,-1.368505677,5.2,5.2,26,a,a,a,a
,1.136447727,,6,28,a,a,b,a
0.051706088,-0.283331051,5.75,5.75,29,b,b,a,a
-0.234711077,-0.513370313,5.666666667,5.666666667,30,b,b,a,a
-0.352815445,-0.612231482,5.611111111,5.611111111,31,a,b,a,a
-0.352815445,-0.612231482,5.611111111,5.611111111,32,a,a,a,a
-0.234711077,-0.513370313,5.666666667,5.666666667,34,b,b,a,a
-1.886123231,-2.011897251,4.833333333,4.833333333,35,a,b,a,a
1.450542787,0.49966967,5.933333333,5.933333333,36,a,b,b,b
-0.618747862,-0.841621234,5.5,5.5,38,b,a,a,b
-0.003230197,-0.326255876,5.733333333,5.733333333,39,a,b,a,a
,1.136447727,,6,40,a,b,a,b
-0.142610331,-0.437790082,5.694444444,5.694444444,41,b,b,a,a
-0.875240063,-1.070008718,5.388888889,5.388888889,42,a,b,a,a
-0.352815445,-0.612231482,5.611111111,5.611111111,43,b,b,a,a
1.450542787,0.49966967,5.933333333,5.933333333,44,,b,a,a
,1.136447727,,6,46,b,b,b,b
-0.501556704,-0.739480322,5.555555556,5.555555556,47,a,a,a,a
-0.875240063,-1.070008718,5.388888889,5.388888889,48,b,a,a,a
-0.958860818,-1.145690884,5.333333333,5.333333333,50,a,b,a,a
0.433091285,-0.004820458,5.833333333,5.833333333,51,a,b,a,b
0.129569271,-0.223589258,5.777777778,5.777777778,52,b,b,a,a
0.884755232,0.268308923,5.888888889,5.888888889,53,a,a,b,b
1.905608404,0.597760126,5.944444444,5.944444444,54,b,b,b,a
-0.958860818,-1.145690884,5.333333333,5.333333333,57,a,a,a,a
0.587748627,0.096558615,5.861111111,5.861111111,58,a,a,a,b
1.156632152,0.395725296,5.916666667,5.916666667,59,b,b,b,b
,,,,60,b,a,b,a
0.666401288,0.145120941,5.866666667,5.866666667,61,a,b,a,b
0.254681544,-0.130521499,5.8,5.8,62,b,b,a,b
-0.084083943,-0.390517596,5.722222222,5.722222222,64,b,b,b,a
-0.234711077,-0.513370313,5.666666667,5.666666667,65,b,b,a,a
-0.234711077,-0.513370313,5.666666667,5.666666667,66,b,a,a,a
-0.958860818,-1.145690884,5.333333333,5.333333333,67,a,b,a,a
0.666401288,0.145120941,5.866666667,5.866666667,68,a,b,b,b
1.450542787,0.49966967,5.933333333,5.933333333,69,a,b,a,b
,1.136447727,,6,70,a,b,a,b
1.450542787,0.49966967,5.933333333,5.933333333,72,a,a,b,b
-0.352815445,-0.612231482,5.611111111,5.611111111,73,a,a,b,a
-1.201953761,-1.368505677,5.2,5.2,74,,b,a,a
-0.875240063,-1.070008718,5.388888889,5.388888889,75,a,b,a,a
-0.958860818,-1.145690884,5.333333333,5.333333333,77,b,b,a,b
-0.678550556,-0.894314122,5.466666667,5.466666667,78,a,b,a,a
-0.084083943,-0.390517596,5.722222222,5.722222222,81,a,b,a,b
,1.136447727,,6,82,a,a,,b
1.156632152,0.395725296,5.916666667,5.916666667,84,b,a,b,b
0.129569271,-0.223589258,5.777777778,5.777777778,85,b,b,a,a
1.905608404,0.597760126,5.944444444,5.944444444,86,a,b,b,a
0.433091285,-0.004820458,5.833333333,5.833333333,87,a,b,a,b
-0.728193988,-0.938325959,5.444444444,5.444444444,88,a,a,a,a
-0.234711077,-0.513370313,5.666666667,5.666666667,89,,a,b,b
,1.136447727,,6,90,b,b,b,b
1.450542787,0.49966967,5.933333333,5.933333333,91,b,a,b,b
-1.47886927,-1.626486731,5.055555556,5.055555556,92,a,a,a,a
,1.136447727,,6,93,a,b,a,b
-0.728193988,-0.938325959,5.444444444,5.444444444,96,b,b,a,a
0.129569271,-0.223589258,5.777777778,5.777777778,99,b,b,a,a
-0.234711077,-0.513370313,5.666666667,5.666666667,100,a,b,a,a
1.450542787,0.49966967,5.933333333,5.933333333,101,a,b,b,b
,1.136447727,,6,102,a,b,a,b
-0.234711077,-0.513370313,5.666666667,5.666666667,103,b,a,b,a
0.433091285,-0.004820458,5.833333333,5.833333333,104,b,b,b,b
1.905608404,0.597760126,5.944444444,5.944444444,105,b,a,b,b
-0.958860818,-1.145690884,5.333333333,5.333333333,106,b,a,a,a
1.156632152,0.395725296,5.916666667,5.916666667,107,a,b,b,b
0.884755232,0.268308923,5.888888889,5.888888889,108,b,a,a,a
,1.136447727,,6,109,a,a,a,b
,1.136447727,,6,110,b,b,a,a
0.129569271,-0.223589258,5.777777778,5.777777778,111,a,b,b,a
-0.837944534,-1.036433389,5.4,5.4,114,b,a,b,a
0.433091285,-0.004820458,5.833333333,5.833333333,115,a,b,b,b
0.254681544,-0.130521499,5.8,5.8,116,a,b,b,b
0.254681544,-0.130521499,5.8,5.8,117,a,b,b,a
-0.003230197,-0.326255876,5.733333333,5.733333333,120,a,a,b,b
,1.136447727,,6,121,a,b,a,b
1.156632152,0.395725296,5.916666667,5.916666667,123,a,a,b,b
,1.136447727,,6,124,b,b,a,b
0.254681544,-0.130521499,5.8,5.8,125,b,b,a,a
,1.136447727,,6,126,a,b,a,b
0.666401288,0.145120941,5.866666667,5.866666667,127,b,b,a,a
,1.136447727,,6,128,b,b,a,a
1.905608404,0.597760126,5.944444444,5.944444444,129,b,a,a,b
-0.084083943,-0.390517596,5.722222222,5.722222222,130,b,b,a,a
,1.136447727,,6,132,a,b,a,b
0.051706088,-0.283331051,5.75,5.75,133,b,a,a,a
0.433091285,-0.004820458,5.833333333,5.833333333,134,a,a,a,
0.884755232,0.268308923,5.888888889,5.888888889,135,b,a,b,b
0.666401288,0.145120941,5.866666667,5.866666667,136,a,a,b,b
0.433091285,-0.004820458,5.833333333,5.833333333,137,a,b,a,a
-1.078237378,-1.254623731,5.277777778,5.277777778,138,a,b,a,a
-1.642359785,-1.780464342,4.933333333,4.933333333,139,b,a,a,a
-0.618747862,-0.841621234,5.5,5.5,140,a,a,a,a
-1.201953761,-1.368505677,5.2,5.2,141,b,a,a,a
0.129569271,-0.223589258,5.777777778,5.777777778,142,a,a,b,b
-0.678550556,-0.894314122,5.466666667,5.466666667,143,b,a,,a
,1.136447727,,6,144,b,b,b,b
,1.136447727,,6,145,b,b,b,b
-0.084083943,-0.390517596,5.722222222,5.722222222,146,a,a,b,b
-0.234711077,-0.513370313,5.666666667,5.666666667,147,b,b,a,a
0.666401288,0.145120941,5.866666667,5.866666667,148,a,b,b,b
0.254681544,-0.130521499,5.8,5.8,149,a,b,b,b
,1.136447727,,6,150,a,,a,b
0.884755232,0.268308923,5.888888889,5.888888889,151,a,b,b,b
0.666401288,0.145120941,5.866666667,5.866666667,152,b,a,a,b
,1.136447727,,6,154,a,b,b,b
,1.136447727,,6,155,b,b,a,a
0.433091285,-0.004820458,5.833333333,5.833333333,157,a,b,a,a
-0.797332876,-1.000005818,5.416666667,5.416666667,158,a,a,b,b
-1.264123879,-1.426076872,5.166666667,5.166666667,159,a,b,a,b
0.129569271,-0.223589258,5.777777778,5.777777778,160,b,b,a,b
-0.234711077,-0.513370313,5.666666667,5.666666667,162,a,b,,a
,1.136447727,,6,163,b,b,b,b
-0.797332876,-1.000005818,5.416666667,5.416666667,165,a,a,b,b
-0.234711077,-0.513370313,5.666666667,5.666666667,167,b,b,b,a
,1.136447727,,6,168,b,b,a,b
-0.557304228,-0.787876017,5.533333333,5.533333333,169,b,a,b,a
-0.958860818,-1.145690884,5.333333333,5.333333333,170,a,b,a,a
-1.038646713,-1.218387052,5.305555556,5.305555556,171,a,a,a,a
2.565279297,0.650476285,5.952380952,5.952380952,173,a,b,b,b
-1.560860364,-1.703569527,5,5,174,b,a,a,a
-0.501556704,-0.739480322,5.555555556,5.555555556,175,a,b,a,a
-0.618747862,-0.841621234,5.5,5.5,176,b,a,b,b
-1.264123879,-1.426076872,5.166666667,5.166666667,177,a,a,b,b
-0.557304228,-0.787876017,5.533333333,5.533333333,178,a,a,a,a
1.450542787,0.49966967,5.933333333,5.933333333,179,b,b,a,b
-0.501556704,-0.739480322,5.555555556,5.555555556,180,b,b,a,a
-1.47886927,-1.626486731,5.055555556,5.055555556,181,a,a,a,a
,1.136447727,,6,182,b,b,,b
-2.22961225,-2.341027138,4.666666667,4.666666667,184,a,a,b,a
-0.618747862,-0.841621234,5.5,5.5,185,b,a,b,b
,1.136447727,,6,186,a,a,a,b
-0.728193988,-0.938325959,5.444444444,5.444444444,187,b,b,a,a
0.433091285,-0.004820458,5.833333333,5.833333333,188,b,b,,b
1.905608404,0.597760126,5.944444444,5.944444444,189,a,b,a,b
,1.136447727,,6,190,a,a,a,b
,1.136447727,,6,191,b,b,b,b
-0.408386844,-0.659436695,5.6,5.6,192,a,b,b,b
1.905608404,0.597760126,5.944444444,5.944444444,194,b,a,a,b
0.254681544,-0.130521499,5.8,5.8,195,b,a,a,b
2.797207657,0.656444041,5.96,5.96,196,a,b,b,b
-2.067789794,-2.18558264,4.777777778,4.777777778,197,a,a,a,a
,1.136447727,,6,198,b,b,a,b
,1.136447727,,6,199,,a,a,b
0.572460101,0.086877064,5.854166667,5.854166667,200,a,b,a,b
0.666401288,0.145120941,5.866666667,5.866666667,201,a,a,b,b
,1.136447727,,6,202,a,a,a,b
,,,,203.6,,,,
-0.797332876,-1.000005818,5.416666667,5.416666667,205,a,a,b,b
0.433091285,-0.004820458,5.833333333,5.833333333,206,b,b,b,b
,1.136447727,,6,207,b,b,a,a
,1.136447727,,6,208,a,a,b,b
,1.136447727,,6,209,b,b,a,b
-0.234711077,-0.513370313,5.666666667,5.666666667,210,b,b,a,a
0.433091285,-0.004820458,5.833333333,5.833333333,212,a,b,a,b
-1.47886927,-1.626486731,5.055555556,5.055555556,213,a,a,a,a
,,,,214.6,,,,
,1.136447727,,6,216,a,b,a,b
-0.501556704,-0.739480322,5.555555556,5.555555556,218,a,a,a,b
,1.136447727,,6,219,a,a,b,b
-1.560860364,-1.703569527,5,5,220,a,a,a,a
,,,,222,b,a,b,b
0.884755232,0.268308923,5.888888889,5.888888889,223,b,a,b,b
-0.084083943,-0.390517596,5.722222222,5.722222222,224,a,b,b,a
-0.234711077,-0.513370313,5.666666667,5.666666667,225,a,b,b,b
0.433091285,-0.004820458,5.833333333,5.833333333,226,a,a,b,b
,1.136447727,,6,227,b,a,b,b
-0.084083943,-0.390517596,5.722222222,5.722222222,228,b,a,a,a
-0.501556704,-0.739480322,5.555555556,5.555555556,229,a,b,b,b
,1.136447727,,6,230,b,b,b,a
,1.136447727,,6,231,a,b,a,b
0.884755232,0.268308923,5.888888889,5.888888889,232,b,b,a,b
-0.501556704,-0.739480322,5.555555556,5.555555556,234,a,a,a,b
,1.136447727,,6,236,b,b,a,a
,1.136447727,,6,237,b,b,a,b
-1.371872628,-1.526348577,5.111111111,5.111111111,239,a,,b,a
-0.557304228,-0.787876017,5.533333333,5.533333333,240,b,a,b,a
-0.352815445,-0.612231482,5.611111111,5.611111111,241,a,b,a,a
0.884755232,0.268308923,5.888888889,5.888888889,242,b,a,a,b
0.433091285,-0.004820458,5.833333333,5.833333333,243,b,a,b,b
0.254681544,-0.130521499,5.8,5.8,245,b,b,b,b
0.666401288,0.145120941,5.866666667,5.866666667,246,a,b,a,b
,1.136447727,,6,247,b,a,a,a
,1.136447727,,6,249,b,a,b,b
0.433091285,-0.004820458,5.833333333,5.833333333,251,b,b,b,a
,1.136447727,,6,252,a,b,b,b
0.884755232,0.268308923,5.888888889,5.888888889,253,a,b,a,b
-0.003230197,-0.326255876,5.733333333,5.733333333,254,a,a,b,b
-0.658356192,-0.876479841,5.476190476,5.476190476,255,a,b,a,a
-1.946902776,-2.069901831,4.805555556,4.805555556,256,a,a,a,a
,,,,258,a,b,a,b
1.905608404,0.597760126,5.944444444,5.944444444,259,b,b,b,
,1.136447727,,6,260,b,b,b,b
,1.136447727,,6,262,b,b,a,b
,1.136447727,,6,263,b,a,a,b
0.254681544,-0.130521499,5.8,5.8,264,b,b,a,a
-0.797332876,-1.000005818,5.416666667,5.416666667,266,b,b,b,b
,1.136447727,,6,267,b,b,b,b
-1.049790524,-1.228576131,5.285714286,5.285714286,268,a,b,a,a
1.156632152,0.395725296,5.916666667,5.916666667,270,b,a,b,b
-0.728193988,-0.938325959,5.444444444,5.444444444,272,a,a,a,b
0.884755232,0.268308923,5.888888889,5.888888889,273,b,a,a,b
0.129569271,-0.223589258,5.777777778,5.777777778,275,b,a,a,b
1.156632152,0.395725296,5.916666667,5.916666667,276,a,a,b,b
-1.371872628,-1.526348577,5.111111111,5.111111111,277,a,a,a,a
-1.371872628,-1.526348577,5.111111111,5.111111111,279,a,a,a,a
1.156632152,0.395725296,5.916666667,5.916666667,281,b,b,b,b
,1.136447727,,6,282,a,b,b,b
-1.162960914,-1.332511066,5.222222222,5.222222222,283,b,a,a,a
-0.003230197,-0.326255876,5.733333333,5.733333333,284,b,a,b,a
,1.136447727,,6,285,a,a,b,b
0.254681544,-0.130521499,5.8,5.8,289,a,b,a,b
,1.136447727,,6,291,a,b,a,b
1.905608404,0.597760126,5.944444444,5.944444444,295,a,b,a,b
0.129569271,-0.223589258,5.777777778,5.777777778,297,b,a,a,b
,,,,298,b,b,a,b
0.666401288,0.145120941,5.866666667,5.866666667,299,b,b,b,a
1.450542787,0.49966967,5.933333333,5.933333333,301,a,b,a,b
,1.136447727,,6,303,b,a,b,b
0.129569271,-0.223589258,5.777777778,5.777777778,304,a,a,b,b
,1.136447727,,6,305,a,b,a,b
-0.234711077,-0.513370313,5.666666667,5.666666667,306,a,a,a,b
1.450542787,0.49966967,5.933333333,5.933333333,308,b,a,b,b
0.433091285,-0.004820458,5.833333333,5.833333333,309,a,a,a,b
1.156632152,0.395725296,5.916666667,5.916666667,310,a,a,a,b
0.433091285,-0.004820458,5.833333333,5.833333333,311,b,b,a,a
0.666401288,0.145120941,5.866666667,5.866666667,312,b,a,b,b
1.450542787,0.49966967,5.933333333,5.933333333,313,a,b,a,b
,1.136447727,,6,314,b,a,b,b
0.433091285,-0.004820458,5.833333333,5.833333333,316,b,b,b,b
1.156632152,0.395725296,5.916666667,5.916666667,317,b,b,b,b
0.572460101,0.086877064,5.854166667,5.854166667,323,a,a,a,b
1.156632152,0.395725296,5.916666667,5.916666667,324,b,a,a,b
,1.136447727,,6,326,a,b,a,b
-0.728193988,-0.938325959,5.444444444,5.444444444,327,b,b,b,b
-1.264123879,-1.426076872,5.166666667,5.166666667,328,b,b,a,a
-0.766634312,-0.972565632,5.433333333,5.433333333,330,a,a,b,a
,1.136447727,,6,331,a,b,a,b
-1.694311083,-1.82961391,4.916666667,4.916666667,332,a,a,a,b
-0.618747862,-0.841621234,5.5,5.5,333,b,a,a,b
0.666401288,0.145120941,5.866666667,5.866666667,334,a,b,b,b
,1.136447727,,6,335,b,b,a,a
1.450542787,0.49966967,5.933333333,5.933333333,336,b,a,a,b
-0.234711077,-0.513370313,5.666666667,5.666666667,337,a,b,a,a
,1.136447727,,6,338,b,a,b,b
0.433091285,-0.004820458,5.833333333,5.833333333,339,a,a,a,b
,1.136447727,,6,340,a,b,a,b
,1.136447727,,6,341,a,a,a,b
,1.136447727,,6,342,b,b,b,b
,,,,343,b,,b,b
,1.136447727,,6,344,b,a,b,b
,1.136447727,,6,345,b,b,a,b
-0.084083943,-0.390517596,5.722222222,5.722222222,347,b,b,a,a
,1.136447727,,6,348,a,b,a,b
,1.136447727,,6,349,b,a,a,b
,1.136447727,,6,351,a,a,a,a
,1.136447727,,6,352,a,b,,b
,1.136447727,,6,353,b,a,a,b
0.666401288,0.145120941,5.866666667,5.866666667,355,a,a,a,b
,1.136447727,,6,356,b,a,b,b
,1.136447727,,6,357,b,a,a,b
1.156632152,0.395725296,5.916666667,5.916666667,358,b,a,a,b
-1.078237378,-1.254623731,5.277777778,5.277777778,359,b,a,a,a
0.884755232,0.268308923,5.888888889,5.888888889,360,a,b,b,b
,,,,361,b,a,b,b
0.884755232,0.268308923,5.888888889,5.888888889,362,b,a,a,b
0.254681544,-0.130521499,5.8,5.8,364,a,b,b,b
-0.234711077,-0.513370313,5.666666667,5.666666667,366,a,a,b,a
0.433091285,-0.004820458,5.833333333,5.833333333,368,b,b,a,b
-1.113569499,-1.287049823,5.266666667,5.266666667,369,b,a,a,a
0.884755232,0.268308923,5.888888889,5.888888889,370,a,b,b,b
1.905608404,0.597760126,5.944444444,5.944444444,371,a,b,b,b
,1.136447727,,6,379,a,a,b,b
1.905608404,0.597760126,5.944444444,5.944444444,380,a,b,a,b
,1.136447727,,6,383,b,b,b,b
,1.136447727,,6,384,a,b,b,b
,1.136447727,,6,385,a,b,a,a
0.666401288,0.145120941,5.866666667,5.866666667,386,a,b,b,b
,1.136447727,,6,388,b,a,b,b
,1.136447727,,6,390,a,a,a,a
,1.136447727,,6,391,b,a,a,b
0.254681544,-0.130521499,5.8,5.8,392,a,a,b,b
-1.83160488,-1.959963985,4.866666667,4.866666667,393,a,b,a,a
,1.136447727,,6,394,b,b,b,b
1.156632152,0.395725296,5.916666667,5.916666667,395,a,b,b,b
0.433091285,-0.004820458,5.833333333,5.833333333,396,b,a,a,b
0.129569271,-0.223589258,5.777777778,5.777777778,397,b,b,a,a
,1.136447727,,6,398,b,b,a,b
,1.136447727,,6,399,b,b,b,b
,1.136447727,,6,400,b,b,a,b
0.884755232,0.268308923,5.888888889,5.888888889,401,b,b,b,b
0.884755232,0.268308923,5.888888889,5.888888889,402,b,b,b,a
1.156632152,0.395725296,5.916666667,5.916666667,403,b,b,b,b
0.884755232,0.268308923,5.888888889,5.888888889,405,b,b,a,a
-0.003230197,-0.326255876,5.733333333,5.733333333,407,a,b,b,b
,1.136447727,,6,408,b,a,a,b
,1.136447727,,6,409,b,,b,b
0.433091285,-0.004820458,5.833333333,5.833333333,410,a,b,b,a
0.433091285,-0.004820458,5.833333333,5.833333333,411,b,a,b,b
-0.797332876,-1.000005818,5.416666667,5.416666667,412,a,a,b,a
0.433091285,-0.004820458,5.833333333,5.833333333,413,b,b,,a
0.129569271,-0.223589258,5.777777778,5.777777778,414,b,a,b,b
,1.136447727,,6,415,b,b,a,b
-1.766454744,-1.898028653,4.888888889,4.888888889,416,a,a,a,a
1.450542787,0.49966967,5.933333333,5.933333333,417,b,b,a,a
-0.084083943,-0.390517596,5.722222222,5.722222222,418,a,b,a,b
0.572460101,0.086877064,5.854166667,5.854166667,420,a,b,a,a
1.450542787,0.49966967,5.933333333,5.933333333,423,b,a,b,b
,1.136447727,,6,424,a,b,a,a
-1.264123879,-1.426076872,5.166666667,5.166666667,426,a,a,a,a
-0.234711077,-0.513370313,5.666666667,5.666666667,427,b,b,a,b
0.254681544,-0.130521499,5.8,5.8,428,a,b,b,a
-1.560860364,-1.703569527,5,5,429,a,b,a,a
-0.408386844,-0.659436695,5.6,5.6,431,b,a,a,b
0.884755232,0.268308923,5.888888889,5.888888889,432,b,a,b,a
-0.618747862,-0.841621234,5.5,5.5,434,b,b,a,a
-0.501556704,-0.739480322,5.555555556,5.555555556,435,a,,b,a
-1.162960914,-1.332511066,5.222222222,5.222222222,436,a,b,b,a
-2.565279297,-2.665285106,4.583333333,4.583333333,437,a,a,a,a
0.433091285,-0.004820458,5.833333333,5.833333333,438,b,a,b,b
-0.003230197,-0.326255876,5.733333333,5.733333333,439,a,b,a,a
-1.441354576,-1.591316072,5.066666667,5.066666667,440,b,b,a,a
-0.408386844,-0.659436695,5.6,5.6,442,a,a,b,a
0.254681544,-0.130521499,5.8,5.8,443,a,b,b,b
-0.003230197,-0.326255876,5.733333333,5.733333333,444,b,a,b,a
,1.136447727,,6,445,b,b,b,b
-0.728193988,-0.938325959,5.444444444,5.444444444,446,a,b,a,b
1.905608404,0.597760126,5.944444444,5.944444444,447,a,b,b,b
-0.557304228,-0.787876017,5.533333333,5.533333333,448,a,b,a,a
-1.078237378,-1.254623731,5.277777778,5.277777778,449,a,b,a,a
,1.136447727,,6,450,b,a,b,b
,,,,451,a,a,a,a
0.749413117,0.194028142,5.883333333,5.883333333,452,a,b,a,b
-1.113569499,-1.287049823,5.266666667,5.266666667,454,b,a,a,a
0.254681544,-0.130521499,5.8,5.8,455,b,a,a,a
1.905608404,0.597760126,5.944444444,5.944444444,456,,b,a,a
1.905608404,0.597760126,5.944444444,5.944444444,457,b,a,a,a
-0.408386844,-0.659436695,5.6,5.6,458,a,a,a,a
,1.136447727,,6,459,a,b,b,b
-0.003230197,-0.326255876,5.733333333,5.733333333,460,b,b,b,a
-1.137918204,-1.309442168,5.25,5.25,461,a,b,a,a
-2.22961225,-2.341027138,4.666666667,4.666666667,462,b,a,a,a
,1.136447727,,6,463,b,b,b,b
,1.136447727,,6,464,b,b,a,b
1.450542787,0.49966967,5.933333333,5.933333333,465,a,b,a,a
0.884755232,0.268308923,5.888888889,5.888888889,466,b,b,b,b
1.905608404,0.597760126,5.944444444,5.944444444,468,b,b,b,
,1.136447727,,6,469,b,b,a,b
,,,,470,a,b,a,b
,,,,471,a,b,b,b
-0.958860818,-1.145690884,5.333333333,5.333333333,472,b,a,a,a
-0.618747862,-0.841621234,5.5,5.5,473,a,a,b,
0.666401288,0.145120941,5.866666667,5.866666667,474,a,b,b,b
-0.352815445,-0.612231482,5.611111111,5.611111111,475,a,a,a,a
,1.136447727,,6,476,a,b,b,a
-1.518589009,-1.663792786,5.033333333,5.033333333,477,b,a,a,a
,1.136447727,,6,478,b,b,a,b
-0.557304228,-0.787876017,5.533333333,5.533333333,479,a,a,a,a
-0.084083943,-0.390517596,5.722222222,5.722222222,481,a,b,a,a
-1.027630415,-1.208322917,5.319444444,5.319444444,484,b,a,a,a
0.884755232,0.268308923,5.888888889,5.888888889,485,a,b,a,b
,1.136447727,,6,486,b,a,a,b
,,,,488,b,b,b,b
-1.886123231,-2.011897251,4.833333333,4.833333333,489,a,a,a,a
-0.234711077,-0.513370313,5.666666667,5.666666667,490,a,b,a,a
-0.797332876,-1.000005818,5.416666667,5.416666667,492,a,a,a,a
1.156632152,0.395725296,5.916666667,5.916666667,494,b,a,b,b
-0.084083943,-0.390517596,5.722222222,5.722222222,495,a,b,a,a
-0.003230197,-0.326255876,5.733333333,5.733333333,496,b,a,a,a
-1.606120563,-1.74624015,4.944444444,4.944444444,499,b,a,a,a
,,,,501,a,a,a,a
-0.084083943,-0.390517596,5.722222222,5.722222222,503,a,b,a,b
0.195041033,-0.174416101,5.791666667,5.791666667,504,b,b,b,a
0.433091285,-0.004820458,5.833333333,5.833333333,506,a,a,,a
-0.084083943,-0.390517596,5.722222222,5.722222222,507,a,a,b,a
0.666401288,0.145120941,5.866666667,5.866666667,508,,,a,b
,,,,509,a,b,b,a
-0.837944534,-1.036433389,5.4,5.4,510,a,a,a,b
-0.084083943,-0.390517596,5.722222222,5.722222222,512,a,b,b,b
,1.136447727,,6,513,b,a,a,b
-0.234711077,-0.513370313,5.666666667,5.666666667,514,a,a,a,a
0.666401288,0.145120941,5.866666667,5.866666667,515,b,b,a,a
,1.136447727,,6,516,b,b,a,b
,,,,518,a,b,a,b
0.129569271,-0.223589258,5.777777778,5.777777778,519,a,b,b,b
0.433091285,-0.004820458,5.833333333,5.833333333,520,b,b,a,b
-2.067789794,-2.18558264,4.777777778,4.777777778,521,b,a,a,a
,1.136447727,,6,522,a,a,a,b
1.450542787,0.49966967,5.933333333,5.933333333,524,b,b,a,a
,1.136447727,,6,525,b,a,b,b
,,,,526,b,b,a,a
,1.136447727,,6,527,b,b,b,b
-0.461653396,-0.705065893,5.571428571,5.571428571,528,b,a,b,b
-0.234711077,-0.513370313,5.666666667,5.666666667,529,a,a,a,b
,1.136447727,,6,530,b,b,b,a
-0.447326723,-0.692757833,5.583333333,5.583333333,531,b,a,a,a
,1.136447727,,6,532,a,b,b,b
,1.136447727,,6,533,b,b,b,b
-1.264123879,-1.426076872,5.166666667,5.166666667,534,a,a,a,a
-0.958860818,-1.145690884,5.333333333,5.333333333,535,b,b,a,a
-0.958860818,-1.145690884,5.333333333,5.333333333,536,a,b,a,b
1.156632152,0.395725296,5.916666667,5.916666667,539,b,b,b,a
,1.136447727,,6,540,a,b,a,a
,1.136447727,,6,541,b,b,b,b
-0.678550556,-0.894314122,5.466666667,5.466666667,542,a,,a,a
-1.308447267,-1.467251352,5.145833333,5.145833333,543,a,a,a,a
-1.371872628,-1.526348577,5.111111111,5.111111111,544,a,a,a,a
-1.991811422,-2.112829256,4.8,4.8,545,,a,a,a
,,,,546,b,b,a,b
-0.234711077,-0.513370313,5.666666667,5.666666667,547,b,b,a,a
0.051706088,-0.283331051,5.75,5.75,548,b,b,b,a
,,,,549,a,a,a,b
,1.136447727,,6,550,a,a,a,b
-0.234711077,-0.513370313,5.666666667,5.666666667,552,b,b,a,b
0.433091285,-0.004820458,5.833333333,5.833333333,553,a,a,a,b
1.905608404,0.597760126,5.944444444,5.944444444,554,b,b,,a
,1.136447727,,6,555,a,b,a,b
-0.501556704,-0.739480322,5.555555556,5.555555556,557,b,b,a,a
0.129569271,-0.223589258,5.777777778,5.777777778,558,b,b,a,b
1.905608404,0.597760126,5.944444444,5.944444444,559,b,a,a,a
,1.136447727,,6,560,a,a,b,b
,,,,561,a,b,b,b
-0.408386844,-0.659436695,5.6,5.6,562,a,a,b,b
,1.136447727,,6,563,b,b,a,b
-0.618747862,-0.841621234,5.5,5.5,564,a,a,a,a
,1.136447727,,6,565,a,a,b,b
-0.447326723,-0.692757833,5.583333333,5.583333333,567,a,a,b,b
0.254681544,-0.130521499,5.8,5.8,569,b,a,b,b
,1.136447727,,6,571,b,b,a,b
0.051706088,-0.283331051,5.75,5.75,572,a,b,b,b
0.433091285,-0.004820458,5.833333333,5.833333333,573,a,b,b,b
0.884755232,0.268308923,5.888888889,5.888888889,574,b,b,a,b
-0.557304228,-0.787876017,5.533333333,5.533333333,575,b,a,a,a
-0.958860818,-1.145690884,5.333333333,5.333333333,576,a,b,a,a
1.156632152,0.395725296,5.916666667,5.916666667,578,b,a,b,b
,,,,579,b,a,b,a
-0.234711077,-0.513370313,5.666666667,5.666666667,581,a,b,a,a
-0.728193988,-0.938325959,5.444444444,5.444444444,582,a,b,a,a
-1.694311083,-1.82961391,4.916666667,4.916666667,583,b,a,b,a
,1.136447727,,6,585,b,a,b,a
,1.136447727,,6,586,b,a,b,b
0.129569271,-0.223589258,5.777777778,5.777777778,587,b,b,a,a
,,,,588,a,a,b,b
-0.352815445,-0.612231482,5.611111111,5.611111111,590,b,b,,a
,1.136447727,,6,591,a,a,b,b
,1.136447727,,6,593,b,a,a,b
-0.352815445,-0.612231482,5.611111111,5.611111111,594,a,a,a,a
-0.447326723,-0.692757833,5.583333333,5.583333333,595,a,b,b,a
0.129569271,-0.223589258,5.777777778,5.777777778,596,b,a,a,b
,1.136447727,,6,597,b,b,a,b
-0.234711077,-0.513370313,5.666666667,5.666666667,600,b,b,b,b
0.884755232,0.268308923,5.888888889,5.888888889,601,b,b,b,b
-0.468852238,-0.711260092,5.566666667,5.566666667,602,b,a,a,a
1.156632152,0.395725296,5.916666667,5.916666667,603,a,b,a,b
,1.136447727,,6,604,a,b,a,b
,1.136447727,,6,605,b,b,b,b
1.156632152,0.395725296,5.916666667,5.916666667,606,b,b,b,b
-2.421327991,-2.525953917,4.6,4.6,607,b,a,a,a
-0.958860818,-1.145690884,5.333333333,5.333333333,608,b,a,a,a
0.666401288,0.145120941,5.866666667,5.866666667,609,b,a,a,b
-0.234711077,-0.513370313,5.666666667,5.666666667,610,a,b,a,b
0.433091285,-0.004820458,5.833333333,5.833333333,611,b,a,a,b
,1.136447727,,6,612,b,b,b,b
,,,,613,b,a,a,b
0.433091285,-0.004820458,5.833333333,5.833333333,614,b,b,b,b
-0.408386844,-0.659436695,5.6,5.6,616,b,b,b,b
1.156632152,0.395725296,5.916666667,5.916666667,617,b,b,b,b
0.254681544,-0.130521499,5.8,5.8,618,a,b,b,b
0.884755232,0.268308923,5.888888889,5.888888889,619,a,b,a,b
-1.078237378,-1.254623731,5.277777778,5.277777778,620,a,a,a,a
,,,,621,a,a,a,b
,1.136447727,,6,623,b,a,a,b
0.129569271,-0.223589258,5.777777778,5.777777778,624,a,,a,a
0.433091285,-0.004820458,5.833333333,5.833333333,625,a,b,a,a
0.666401288,0.145120941,5.866666667,5.866666667,627,a,a,b,b
0.433091285,-0.004820458,5.833333333,5.833333333,628,b,b,a,a
,1.136447727,,6,629,a,a,a,b
0.884755232,0.268308923,5.888888889,5.888888889,631,a,a,b,b
1.156632152,0.395725296,5.916666667,5.916666667,632,a,b,a,b
,1.136447727,,6,633,b,b,a,b
0.254681544,-0.130521499,5.8,5.8,635,b,b,b,b
0.884755232,0.268308923,5.888888889,5.888888889,638,b,b,b,b
,1.136447727,,6,640,b,a,b,b
1.905608404,0.597760126,5.944444444,5.944444444,641,b,b,a,b
-0.875240063,-1.070008718,5.388888889,5.388888889,642,b,b,a,a
-0.234711077,-0.513370313,5.666666667,5.666666667,643,a,a,b,a
,1.136447727,,6,644,a,b,a,b
-0.618747862,-0.841621234,5.5,5.5,645,a,,a,a
,1.136447727,,6,646,a,b,b,b
-0.003230197,-0.326255876,5.733333333,5.733333333,647,a,b,,a
,1.136447727,,6,648,a,a,a,b
-0.837944534,-1.036433389,5.4,5.4,649,a,b,a,a
-2.22961225,-2.341027138,4.666666667,4.666666667,650,b,a,a,a
,,,,651,b,a,a,a
-0.136086908,-0.432490968,5.714285714,5.714285714,653,a,b,a,
0.433091285,-0.004820458,5.833333333,5.833333333,654,b,a,a,b
-0.557304228,-0.787876017,5.533333333,5.533333333,655,b,a,b,
,1.136447727,,6,656,b,a,a,b
0.129569271,-0.223589258,5.777777778,5.777777778,657,a,a,b,b
1.450542787,0.49966967,5.933333333,5.933333333,658,a,b,a,b
-1.137918204,-1.309442168,5.25,5.25,659,b,b,a,b
,1.136447727,,6,660,b,b,a,b
1.156632152,0.395725296,5.916666667,5.916666667,661,b,b,a,b
,,,,662,a,b,a,b
0.884755232,0.268308923,5.888888889,5.888888889,663,b,a,b,a
1.450542787,0.49966967,5.933333333,5.933333333,664,b,a,a,b
-0.875240063,-1.070008718,5.388888889,5.388888889,666,b,b,a,a
-0.408386844,-0.659436695,5.6,5.6,667,a,b,b,a
,1.136447727,,6,670,b,b,a,b
,1.136447727,,6,672,a,a,a,b
0.884755232,0.268308923,5.888888889,5.888888889,673,a,a,b,b
,1.136447727,,6,676,b,a,b,b
0.884755232,0.268308923,5.888888889,5.888888889,677,a,b,b,b
-1.371872628,-1.526348577,5.111111111,5.111111111,680,b,a,a,a
,1.136447727,,6,681,a,b,a,b
,1.136447727,,6,683,a,b,a,b
,1.136447727,,6,684,a,a,a,b
1.450542787,0.49966967,5.933333333,5.933333333,687,b,a,a,b
0.433091285,-0.004820458,5.833333333,5.833333333,688,b,b,a,a
-0.084083943,-0.390517596,5.722222222,5.722222222,689,b,a,a,b
0.433091285,-0.004820458,5.833333333,5.833333333,691,a,a,b,b
0.884755232,0.268308923,5.888888889,5.888888889,694,b,b,b,b
0.433091285,-0.004820458,5.833333333,5.833333333,695,b,a,b,b
-0.234711077,-0.513370313,5.666666667,5.666666667,696,a,b,a,b
0.884755232,0.268308923,5.888888889,5.888888889,697,a,b,b,b
0.884755232,0.268308923,5.888888889,5.888888889,698,a,b,a,b
0.666401288,0.145120941,5.866666667,5.866666667,700,a,b,b,a