"id","mean_stamen_number","norm_mean_ss","IT_meandaystoflr","SW_meandaystoflr","ril_ovule_num","short_stamen_number"
2,5.333333333,-1.14918017086526,113.5,124.6,35,1.333333333
3,4.888888889,-1.91199616510497,115.833333333333,NA,38.5,0.888888889
6,4.888888889,-1.91199616510497,112.666666666667,NA,35,0.888888889
7,5.111111111,-1.53314209507921,103.5,127.857142857143,44,1.111111111
8,4.5,-3.10129193500686,109.666666666667,125,45,0.5
9,5.111111111,-1.53314209507921,101.166666666667,131.666666666667,41,1.111111111
10,5.75,-0.283891858027877,113,126.5,40,1.75
11,5.2,-1.37362915777446,109.8,NA,51,1.2
13,5.444444444,-0.940773762562063,112.666666666667,125.5,37,1.444444444
14,4.933333333,-1.79147111142778,107.333333333333,129.5,47,0.933333333
15,NA,NA,NA,NA,39.5,NA
16,5.466666667,-0.896581644050448,115.5,129.857142857143,48,1.466666667
18,6,1.13988249188633,118,136.2,40,2
19,5.722222222,-0.391309603980077,114.166666666667,131.25,44,1.722222222
20,5.736111111,-0.299009807213397,116.666666666667,126.571428571429,35,1.736111111
21,5.6,-0.660909239720822,107,128.6,45,1.6
23,5.777777778,-0.224027338422406,117.833333333333,128.75,52,1.777777778
24,5.777777778,-0.224027338422406,115.333333333333,129.25,28,1.777777778
25,5.666666667,-0.514451420884401,119.333333333333,NA,22,1.666666667
26,5.2,-1.37362915777446,111.666666666667,132.25,41,1.2
28,6,1.13988249188633,107.5,128.5,47,2
29,5.75,-0.283891858027877,121.166666666667,129.333333333333,42,1.75
30,5.666666667,-0.514451420884401,113.333333333333,125.8,45,1.666666667
31,5.611111111,-0.61357072056104,109.333333333333,125.666666666667,42,1.611111111
32,5.611111111,-0.61357072056104,113.5,130.833333333333,33,1.611111111
34,5.666666667,-0.514451420884401,115.5,128,47,1.666666667
35,4.833333333,-2.02967869368633,116.166666666667,NA,32.2,0.833333333
36,5.933333333,0.500716969809112,116.666666666667,134.2,39,1.933333333
38,5.5,-0.843687721392016,115,135.333333333333,36,1.5
39,5.733333333,-0.326907355493239,115.166666666667,NA,44,1.733333333
40,6,1.13988249188633,119.333333333333,NA,31,2
41,5.694444444,-0.438689798658617,118.833333333333,129,34,1.694444444
42,5.388888889,-1.0730760534506,115,135.25,41,1.388888889
43,5.611111111,-0.61357072056104,114,125.666666666667,33,1.611111111
44,5.933333333,0.500716969809112,116,128.285714285714,36,1.933333333
46,6,1.13988249188633,116,128.714285714286,47,2
47,5.555555556,-0.741196704774636,117.833333333333,131.666666666667,36,1.555555556
48,5.388888889,-1.0730760534506,113.833333333333,126,47,1.388888889
50,5.333333333,-1.14918017086526,113.833333333333,126.285714285714,35,1.333333333
51,5.833333333,-0.00482974570280406,119,NA,40,1.833333333
52,5.777777778,-0.224027338422406,110.5,125.166666666667,40,1.777777778
53,5.888888889,0.268838519478982,116.166666666667,136.666666666667,49,1.888888889
54,5.944444444,0.59905988959618,113.166666666667,134.666666666667,33,1.944444444
57,5.333333333,-1.14918017086526,113.333333333333,NA,42,1.333333333
58,5.861111111,0.0967452436887267,115.833333333333,NA,40,1.861111111
59,5.916666667,0.396528975997477,120.8,139,36,1.916666667
60,NA,NA,NA,NA,NA,NA
61,5.866666667,0.145402534633602,119.5,130.25,31,1.866666667
62,5.8,-0.130774422330991,118.833333333333,NA,23,1.8
64,5.722222222,-0.391309603980077,115.333333333333,132.666666666667,47,1.722222222
65,5.666666667,-0.514451420884401,114.666666666667,NA,49,1.666666667
66,5.666666667,-0.514451420884401,116.333333333333,128,36,1.666666667
67,5.333333333,-1.14918017086526,120.5,NA,29,1.333333333
68,5.866666667,0.145402534633602,118.5,131.5,37,1.866666667
69,5.933333333,0.500716969809112,117.5,NA,36,1.933333333
70,6,1.13988249188633,118.333333333333,NA,37,2
72,5.933333333,0.500716969809112,117.333333333333,NA,29,1.933333333
73,5.611111111,-0.61357072056104,114.5,NA,31,1.611111111
74,5.2,-1.37362915777446,117.833333333333,NA,32,1.2
75,5.388888889,-1.0730760534506,116.833333333333,NA,38,1.388888889
77,5.333333333,-1.14918017086526,111,126.4,48,1.333333333
78,5.466666667,-0.896581644050448,116.5,130.333333333333,22,1.466666667
79,NA,NA,NA,NA,46,NA
80,NA,NA,NA,NA,40,NA
81,5.722222222,-0.391309603980077,120.333333333333,137,26,1.722222222
82,6,1.13988249188633,121.5,NA,26,2
84,5.916666667,0.396528975997477,118.833333333333,135,35,1.916666667
85,5.777777778,-0.224027338422406,118,127.75,39,1.777777778
86,5.944444444,0.59905988959618,114.5,127,30,1.944444444
87,5.833333333,-0.00482974570280406,116.333333333333,NA,46,1.833333333
88,5.444444444,-0.940773762562063,111,135,38,1.444444444
89,5.666666667,-0.514451420884401,119.5,131.285714285714,29,1.666666667
90,6,1.13988249188633,117.833333333333,131.571428571429,39,2
91,5.933333333,0.500716969809112,117.666666666667,130,34,1.933333333
92,5.055555556,-1.63466420343185,112.666666666667,127.5,53,1.055555556
93,6,1.13988249188633,120,136,31,2
96,5.444444444,-0.940773762562063,116.75,NA,33,1.444444444
99,5.777777778,-0.224027338422406,109,125.6,42,1.777777778
100,5.666666667,-0.514451420884401,119.333333333333,NA,43,1.666666667
101,5.933333333,0.500716969809112,115.666666666667,131.75,35,1.933333333
102,6,1.13988249188633,118,131,23.5,2
103,5.666666667,-0.514451420884401,122.333333333333,132.75,33,1.666666667
104,5.833333333,-0.00482974570280406,120.333333333333,135.285714285714,28,1.833333333
105,5.944444444,0.59905988959618,119.666666666667,143,28,1.944444444
106,5.333333333,-1.14918017086526,119.75,136.25,33,1.333333333
107,5.916666667,0.396528975997477,120.666666666667,133.25,28,1.916666667
108,5.888888889,0.268838519478982,120.333333333333,NA,22,1.888888889
109,6,1.13988249188633,117.666666666667,NA,27,2
110,6,1.13988249188633,118.166666666667,NA,33,2
111,5.777777778,-0.224027338422406,115.166666666667,128.333333333333,31,1.777777778
114,5.4,-1.03933007461747,120.333333333333,131.4,36,1.4
115,5.833333333,-0.00482974570280406,117.166666666667,137,36,1.833333333
116,5.8,-0.130774422330991,117.833333333333,138.8,26,1.8
117,5.8,-0.130774422330991,119.833333333333,NA,42,1.8
118,NA,NA,NA,NA,46,NA
119,NA,NA,NA,NA,23,NA
120,5.733333333,-0.326907355493239,119.166666666667,133.333333333333,39,1.733333333
121,6,1.13988249188633,117.5,NA,34,2
123,5.916666667,0.396528975997477,120.5,134.333333333333,43,1.916666667
124,6,1.13988249188633,118,NA,39,2
125,5.8,-0.130774422330991,118.333333333333,133.8,42,1.8
126,6,1.13988249188633,115.833333333333,126.8,20,2
127,5.866666667,0.145402534633602,119,NA,30,1.866666667
128,6,1.13988249188633,119,132.8,32.5,2
129,5.944444444,0.59905988959618,118.666666666667,NA,42,1.944444444
130,5.722222222,-0.391309603980077,116.833333333333,137,37,1.722222222
132,6,1.13988249188633,116.333333333333,132.333333333333,25,2
133,5.75,-0.283891858027877,112.25,NA,51,1.75
134,5.833333333,-0.00482974570280406,115.833333333333,NA,32,1.833333333
135,5.888888889,0.268838519478982,101.5,133,41,1.888888889
136,5.866666667,0.145402534633602,117.2,NA,45,1.866666667
137,5.833333333,-0.00482974570280406,120.166666666667,141.5,39,1.833333333
138,5.277777778,-1.25882794167362,110.833333333333,124,35,1.277777778
139,4.933333333,-1.79147111142778,116,NA,44,0.933333333
140,5.5,-0.843687721392016,118.5,134.333333333333,38,1.5
141,5.2,-1.37362915777446,120,NA,37,1.2
142,5.777777778,-0.224027338422406,115.833333333333,137.166666666667,46,1.777777778
143,5.466666667,-0.896581644050448,115.333333333333,128.666666666667,31,1.466666667
144,6,1.13988249188633,119,133.25,29,2
145,6,1.13988249188633,123.166666666667,137.5,42,2
146,5.722222222,-0.391309603980077,116,128,41,1.722222222
147,5.666666667,-0.514451420884401,113.166666666667,125.428571428571,35,1.666666667
148,5.866666667,0.145402534633602,118.833333333333,129.333333333333,27,1.866666667
149,5.8,-0.130774422330991,117.166666666667,126.5,32,1.8
150,6,1.13988249188633,118.833333333333,NA,36.5,2
151,5.888888889,0.268838519478982,116.333333333333,128.8,41,1.888888889
152,5.866666667,0.145402534633602,116.5,NA,23,1.866666667
154,6,1.13988249188633,119,133.5,36,2
155,6,1.13988249188633,119,137.5,31,2
157,5.833333333,-0.00482974570280406,115.166666666667,NA,39,1.833333333
158,5.416666667,-1.00272763420404,119.5,134,37,1.416666667
159,5.166666667,-1.43174853898677,120,136.666666666667,23,1.166666667
160,5.777777778,-0.224027338422406,116.666666666667,NA,31,1.777777778
162,5.666666667,-0.514451420884401,114.5,125.166666666667,30,1.666666667
163,6,1.13988249188633,115.833333333333,NA,35,2
165,5.416666667,-1.00272763420404,119.666666666667,137,34,1.416666667
167,5.666666667,-0.514451420884401,115.333333333333,131.6,35,1.666666667
168,6,1.13988249188633,121.666666666667,NA,48,2
169,5.533333333,-0.78975228996653,121.333333333333,135,29,1.533333333
170,5.333333333,-1.14918017086526,116.666666666667,130.6,38,1.333333333
171,5.305555556,-1.22233766470765,116.666666666667,130.5,41,1.305555556
173,5.952380952,0.651922968409291,115.333333333333,NA,39,1.952380952
174,5,-1.71303988412093,115,134,39,1
175,5.555555556,-0.741196704774636,110.666666666667,NA,40,1.555555556
176,5.5,-0.843687721392016,117.166666666667,132.5,47,1.5
177,5.166666667,-1.43174853898677,121.666666666667,NA,32,1.166666667
178,5.533333333,-0.78975228996653,120.666666666667,NA,33,1.533333333
179,5.933333333,0.500716969809112,116.166666666667,NA,37,1.933333333
180,5.555555556,-0.741196704774636,109.5,128.285714285714,48,1.555555556
181,5.055555556,-1.63466420343185,118,NA,44,1.055555556
182,6,1.13988249188633,119,NA,23,2
184,4.666666667,-2.37939589592461,126.5,141.333333333333,45,0.666666667
185,5.5,-0.843687721392016,121.166666666667,130.2,29,1.5
186,6,1.13988249188633,120.5,NA,33,2
187,5.444444444,-0.940773762562063,113.833333333333,128.833333333333,48,1.444444444
188,5.833333333,-0.00482974570280406,126.5,NA,38,1.833333333
189,5.944444444,0.59905988959618,118.333333333333,NA,32,1.944444444
190,6,1.13988249188633,119.333333333333,NA,46,2
191,6,1.13988249188633,119,133.333333333333,29,2
192,5.6,-0.660909239720822,115.333333333333,139.666666666667,25,1.6
193,NA,NA,NA,NA,41,NA
194,5.944444444,0.59905988959618,118.666666666667,NA,33,1.944444444
195,5.8,-0.130774422330991,116.666666666667,NA,30,1.8
196,5.96,0.657907917903224,118.6,127.333333333333,32,1.96
197,4.777777778,-2.21188008223255,111.333333333333,126.75,37.666667,0.777777778
198,6,1.13988249188633,120.333333333333,131,32.666667,2
199,6,1.13988249188633,116.333333333333,127,25,2
200,5.854166667,0.0870448802920246,119.333333333333,136.25,34,1.854166667
201,5.866666667,0.145402534633602,121.333333333333,133.625,24,1.866666667
202,6,1.13988249188633,121.666666666667,NA,30,2
203,NA,NA,118.5,131.5,28,NA
203.6,NA,NA,NA,NA,NA,NA
205,5.416666667,-1.00272763420404,119.6,129.25,35,1.416666667
206,5.833333333,-0.00482974570280406,120.333333333333,127.25,23,1.833333333
207,6,1.13988249188633,119.25,127.5,34,2
208,6,1.13988249188633,121.5,130.666666666667,24,2
209,6,1.13988249188633,117.333333333333,129.2,23,2
210,5.666666667,-0.514451420884401,115,NA,30,1.666666667
212,5.833333333,-0.00482974570280406,118.5,133.8,30,1.833333333
213,5.055555556,-1.63466420343185,115.166666666667,128.166666666667,31,1.055555556
214,NA,NA,118.166666666667,127,40,NA
214.6,NA,NA,NA,NA,NA,NA
216,6,1.13988249188633,120.5,NA,32,2
218,5.555555556,-0.741196704774636,120.333333333333,NA,34,1.555555556
219,6,1.13988249188633,122.333333333333,136,43,2
220,5,-1.71303988412093,112.666666666667,130.333333333333,29.5,1
221,NA,NA,NA,NA,45,NA
222,NA,NA,NA,NA,NA,NA
223,5.888888889,0.268838519478982,121.5,137.2,30,1.888888889
224,5.722222222,-0.391309603980077,118,127.666666666667,26,1.722222222
225,5.666666667,-0.514451420884401,122.666666666667,NA,35,1.666666667
226,5.833333333,-0.00482974570280406,119.166666666667,133,29,1.833333333
227,6,1.13988249188633,121.5,NA,29,2
228,5.722222222,-0.391309603980077,119,NA,43,1.722222222
229,5.555555556,-0.741196704774636,119.833333333333,132.5,27,1.555555556
230,6,1.13988249188633,121.666666666667,132.666666666667,36,2
231,6,1.13988249188633,121.666666666667,133,40,2
232,5.888888889,0.268838519478982,120,NA,32,1.888888889
233,NA,NA,NA,NA,27,NA
234,5.555555556,-0.741196704774636,118.666666666667,NA,34,1.555555556
236,6,1.13988249188633,118.666666666667,129.166666666667,28,2
237,6,1.13988249188633,121.166666666667,139.5,34,2
238,NA,NA,NA,NA,24,NA
239,5.111111111,-1.53314209507921,118.5,128.571428571429,18,1.111111111
240,5.533333333,-0.78975228996653,118.5,134.666666666667,33,1.533333333
241,5.611111111,-0.61357072056104,116.833333333333,NA,39,1.611111111
242,5.888888889,0.268838519478982,122.833333333333,NA,28,1.888888889
243,5.833333333,-0.00482974570280406,121.833333333333,NA,31,1.833333333
245,5.8,-0.130774422330991,122.333333333333,NA,39,1.8
246,5.866666667,0.145402534633602,118.833333333333,NA,21,1.866666667
247,6,1.13988249188633,120.833333333333,NA,33,2
249,6,1.13988249188633,122.5,137.666666666667,33,2
251,5.833333333,-0.00482974570280406,120,NA,29,1.833333333
252,6,1.13988249188633,118.666666666667,NA,28,2
253,5.888888889,0.268838519478982,117.5,NA,38,1.888888889
254,5.733333333,-0.326907355493239,120.5,NA,26,1.733333333
255,5.476190476,-0.878677599022034,116.666666666667,132.5,35,1.476190476
256,4.805555556,-2.09009949325773,116.333333333333,NA,31,0.805555556
257,NA,NA,NA,NA,24,NA
258,NA,NA,NA,NA,NA,NA
259,5.944444444,0.59905988959618,118.666666666667,127,38,1.944444444
260,6,1.13988249188633,123.333333333333,140.333333333333,33,2
262,6,1.13988249188633,121.333333333333,NA,15,2
263,6,1.13988249188633,120.666666666667,130.5,31.666667,2
264,5.8,-0.130774422330991,120,NA,38,1.8
266,5.416666667,-1.00272763420404,119.166666666667,131.333333333333,34,1.416666667
267,6,1.13988249188633,126.166666666667,137.333333333333,35,2
268,5.285714286,-1.23259635662723,108.666666666667,131.5,38,1.285714286
270,5.916666667,0.396528975997477,121,NA,37,1.916666667
272,5.444444444,-0.940773762562063,113.666666666667,NA,39,1.444444444
273,5.888888889,0.268838519478982,120.833333333333,NA,30,1.888888889
275,5.777777778,-0.224027338422406,119.833333333333,NA,35,1.777777778
276,5.916666667,0.396528975997477,121,NA,35,1.916666667
277,5.111111111,-1.53314209507921,108.833333333333,NA,46,1.111111111
279,5.111111111,-1.53314209507921,117.333333333333,NA,27,1.111111111
281,5.916666667,0.396528975997477,120,NA,37,1.916666667
282,6,1.13988249188633,120.666666666667,NA,27,2
283,5.222222222,-1.33732205846586,114,126.5,41,1.222222222
284,5.733333333,-0.326907355493239,118.5,NA,51,1.733333333
285,6,1.13988249188633,119.75,NA,32,2
289,5.8,-0.130774422330991,119.4,NA,35,1.8
291,6,1.13988249188633,120.166666666667,NA,44,2
293,NA,NA,NA,NA,45,NA
295,5.944444444,0.59905988959618,118.666666666667,NA,36,1.944444444
297,5.777777778,-0.224027338422406,124.666666666667,NA,41,1.777777778
298,NA,NA,NA,NA,NA,NA
299,5.866666667,0.145402534633602,119.833333333333,137.2,34,1.866666667
301,5.933333333,0.500716969809112,120,NA,38,1.933333333
302,NA,NA,NA,NA,34,NA
303,6,1.13988249188633,121.5,133.666666666667,34,2
304,5.777777778,-0.224027338422406,119.666666666667,141.5,24,1.777777778
305,6,1.13988249188633,120.166666666667,131.333333333333,34,2
306,5.666666667,-0.514451420884401,118.666666666667,NA,31,1.666666667
308,5.933333333,0.500716969809112,120.666666666667,132.2,28,1.933333333
309,5.833333333,-0.00482974570280406,120,NA,44,1.833333333
310,5.916666667,0.396528975997477,119.833333333333,NA,36,1.916666667
311,5.833333333,-0.00482974570280406,105,125.833333333333,37,1.833333333
312,5.866666667,0.145402534633602,121.666666666667,NA,29,1.866666667
313,5.933333333,0.500716969809112,118.833333333333,NA,29,1.933333333
314,6,1.13988249188633,120.666666666667,NA,28,2
316,5.833333333,-0.00482974570280406,121.5,139.5,40,1.833333333
317,5.916666667,0.396528975997477,123,NA,41,1.916666667
321,NA,NA,NA,NA,25,NA
323,5.854166667,0.0870448802920246,120.5,NA,18,1.854166667
324,5.916666667,0.396528975997477,121,NA,29,1.916666667
326,6,1.13988249188633,119,NA,27,2
327,5.444444444,-0.940773762562063,121.166666666667,133.25,29,1.444444444
328,5.166666667,-1.43174853898677,118.833333333333,NA,27,1.166666667
330,5.433333333,-0.975162281180514,116.4,128.625,23,1.433333333
331,6,1.13988249188633,117.75,NA,36,2
332,4.916666667,-1.84175771835062,120.333333333333,NA,30,0.916666667
333,5.5,-0.843687721392016,118,137.8,29,1.5
334,5.866666667,0.145402534633602,122,NA,34,1.866666667
335,6,1.13988249188633,117.2,135.333333333333,30,2
336,5.933333333,0.500716969809112,122.166666666667,NA,34,1.933333333
337,5.666666667,-0.514451420884401,112.166666666667,132.5,31,1.666666667
338,6,1.13988249188633,121.833333333333,NA,40,2
339,5.833333333,-0.00482974570280406,124.4,NA,29,1.833333333
340,6,1.13988249188633,120,NA,29,2
341,6,1.13988249188633,120.833333333333,NA,27,2
342,6,1.13988249188633,124.166666666667,NA,13,2
343,NA,NA,121.5,132.833333333333,19,NA
344,6,1.13988249188633,124.333333333333,NA,39,2
345,6,1.13988249188633,122.166666666667,NA,37,2
347,5.722222222,-0.391309603980077,118.5,131.666666666667,38,1.722222222
348,6,1.13988249188633,121.166666666667,NA,39.4,2
349,6,1.13988249188633,118.833333333333,NA,32,2
351,6,1.13988249188633,121.333333333333,NA,24,2
352,6,1.13988249188633,123.166666666667,NA,36.5,2
353,6,1.13988249188633,122.5,NA,39,2
355,5.866666667,0.145402534633602,115.8,NA,30,1.866666667
356,6,1.13988249188633,116.833333333333,NA,40,2
357,6,1.13988249188633,120.833333333333,NA,30,2
358,5.916666667,0.396528975997477,122.166666666667,NA,32,1.916666667
359,5.277777778,-1.25882794167362,118.166666666667,NA,40,1.277777778
360,5.888888889,0.268838519478982,117.5,144,30,1.888888889
361,NA,NA,121.333333333333,NA,NA,NA
362,5.888888889,0.268838519478982,113.666666666667,NA,34,1.888888889
364,5.8,-0.130774422330991,120,NA,26,1.8
365,NA,NA,NA,NA,23,NA
366,5.666666667,-0.514451420884401,118.166666666667,NA,39,1.666666667
368,5.833333333,-0.00482974570280406,122.833333333333,NA,32,1.833333333
369,5.266666667,-1.2914958538007,120.833333333333,NA,21,1.266666667
370,5.888888889,0.268838519478982,121.833333333333,NA,26,1.888888889
371,5.944444444,0.59905988959618,120.833333333333,NA,36,1.944444444
375,NA,NA,NA,NA,41,NA
376,NA,NA,NA,NA,26,NA
377,NA,NA,NA,NA,31,NA
379,6,1.13988249188633,120.833333333333,NA,35,2
380,5.944444444,0.59905988959618,119.666666666667,NA,40,1.944444444
381,NA,NA,NA,NA,38,NA
382,NA,NA,NA,NA,27,NA
383,6,1.13988249188633,120.333333333333,130.5,30,2
384,6,1.13988249188633,119.666666666667,136.6,24,2
385,6,1.13988249188633,114,129,22,2
386,5.866666667,0.145402534633602,119.333333333333,131.8,26,1.866666667
387,NA,NA,NA,NA,42,NA
388,6,1.13988249188633,119.8,136,44,2
390,6,1.13988249188633,120.5,NA,36,2
391,6,1.13988249188633,122.666666666667,NA,39,2
392,5.8,-0.130774422330991,115.8,139.75,31,1.8
393,4.866666667,-1.97586952249675,116,NA,37,0.866666667
394,6,1.13988249188633,118.166666666667,131.666666666667,32,2
395,5.916666667,0.396528975997477,117.166666666667,128.333333333333,45,1.916666667
396,5.833333333,-0.00482974570280406,120.4,NA,26,1.833333333
397,5.777777778,-0.224027338422406,119.166666666667,138.333333333333,38,1.777777778
398,6,1.13988249188633,120,NA,37,2
399,6,1.13988249188633,122.333333333333,139.428571428571,44,2
400,6,1.13988249188633,119.4,NA,38,2
401,5.888888889,0.268838519478982,121.666666666667,134.75,37,1.888888889
402,5.888888889,0.268838519478982,118.666666666667,129.666666666667,29,1.888888889
403,5.916666667,0.396528975997477,121.166666666667,NA,38,1.916666667
405,5.888888889,0.268838519478982,122.666666666667,NA,34,1.888888889
406,NA,NA,NA,NA,26,NA
407,5.733333333,-0.326907355493239,119.166666666667,133.714285714286,28,1.733333333
408,6,1.13988249188633,120.333333333333,NA,32.5,2
409,6,1.13988249188633,119.166666666667,139.2,43.666667,2
410,5.833333333,-0.00482974570280406,116.833333333333,128.428571428571,42,1.833333333
411,5.833333333,-0.00482974570280406,122.5,136.75,35,1.833333333
412,5.416666667,-1.00272763420404,117.666666666667,136.333333333333,41,1.416666667
413,5.833333333,-0.00482974570280406,116.8,128,25,1.833333333
414,5.777777778,-0.224027338422406,119,140.75,25,1.777777778
415,6,1.13988249188633,122.333333333333,NA,39,2
416,4.888888889,-1.91199616510497,117.5,NA,40,0.888888889
417,5.933333333,0.500716969809112,116.6,132.25,32,1.933333333
418,5.722222222,-0.391309603980077,114.5,134.5,48,1.722222222
419,NA,NA,NA,NA,32,NA
420,5.854166667,0.0870448802920246,120.666666666667,133,48,1.854166667
423,5.933333333,0.500716969809112,118.666666666667,131,28,1.933333333
424,6,1.13988249188633,116.5,131.666666666667,46,2
426,5.166666667,-1.43174853898677,109.833333333333,NA,29,1.166666667
427,5.666666667,-0.514451420884401,118.5,NA,34,1.666666667
428,5.8,-0.130774422330991,119.5,129.75,42,1.8
429,5,-1.71303988412093,114.833333333333,NA,35.4,1
430,NA,NA,NA,NA,33,NA
431,5.6,-0.660909239720822,119.666666666667,131.428571428571,23,1.6
432,5.888888889,0.268838519478982,117.8,129.333333333333,29,1.888888889
433,NA,NA,NA,NA,27,NA
434,5.5,-0.843687721392016,111.166666666667,131,36,1.5
435,5.555555556,-0.741196704774636,117.5,129.25,44,1.555555556
436,5.222222222,-1.33732205846586,115.666666666667,NA,35,1.222222222
437,4.583333333,-2.75998809325827,111.833333333333,NA,33,0.583333333
438,5.833333333,-0.00482974570280406,119.666666666667,NA,34,1.833333333
439,5.733333333,-0.326907355493239,118.333333333333,NA,44,1.733333333
440,5.066666667,-1.59897305601512,116.833333333333,NA,36,1.066666667
441,NA,NA,NA,NA,27,NA
442,5.6,-0.660909239720822,117.166666666667,NA,37,1.6
443,5.8,-0.130774422330991,117.833333333333,NA,28,1.8
444,5.733333333,-0.326907355493239,118.5,NA,39,1.733333333
445,6,1.13988249188633,117.5,140,31,2
446,5.444444444,-0.940773762562063,120,NA,24,1.444444444
447,5.944444444,0.59905988959618,117.666666666667,NA,37,1.944444444
448,5.533333333,-0.78975228996653,109,NA,35,1.533333333
449,5.277777778,-1.25882794167362,118.166666666667,NA,34,1.277777778
450,6,1.13988249188633,116.833333333333,130.333333333333,31,2
451,NA,NA,NA,NA,NA,NA
452,5.883333333,0.194406733271039,119,NA,32,1.883333333
453,NA,NA,NA,NA,45,NA
454,5.266666667,-1.2914958538007,116.666666666667,128.833333333333,48,1.266666667
455,5.8,-0.130774422330991,116.166666666667,128.4,38,1.8
456,5.944444444,0.59905988959618,115.333333333333,NA,41,1.944444444
457,5.944444444,0.59905988959618,118,125.125,44,1.944444444
458,5.6,-0.660909239720822,113.333333333333,NA,39,1.6
459,6,1.13988249188633,117.666666666667,131.4,38,2
460,5.733333333,-0.326907355493239,119,129.4,44,1.733333333
461,5.25,-1.31406401444924,112.25,NA,42,1.25
462,4.666666667,-2.37939589592461,115.333333333333,NA,39.5,0.666666667
463,6,1.13988249188633,119.833333333333,132.666666666667,36,2
464,6,1.13988249188633,117.5,133.75,35.4,2
465,5.933333333,0.500716969809112,117.666666666667,129,29,1.933333333
466,5.888888889,0.268838519478982,120.666666666667,131,36,1.888888889
467,NA,NA,NA,NA,34,NA
468,5.944444444,0.59905988959618,118,131.8,37,1.944444444
469,6,1.13988249188633,118.666666666667,134.8,45,2
470,NA,NA,NA,NA,NA,NA
471,NA,NA,NA,NA,NA,NA
472,5.333333333,-1.14918017086526,113,NA,37,1.333333333
473,5.5,-0.843687721392016,121.833333333333,NA,35,1.5
474,5.866666667,0.145402534633602,117.833333333333,132,25,1.866666667
475,5.611111111,-0.61357072056104,117.666666666667,128.666666666667,45,1.611111111
476,6,1.13988249188633,109,126.833333333333,35,2
477,5.033333333,-1.67256820025487,118,NA,32,1.033333333
478,6,1.13988249188633,122.166666666667,NA,36,2
479,5.533333333,-0.78975228996653,114.5,125.6,28,1.533333333
481,5.722222222,-0.391309603980077,116.666666666667,NA,32,1.722222222
483,NA,NA,NA,NA,32,NA
484,5.319444444,-1.21220602430492,118.833333333333,NA,47,1.319444444
485,5.888888889,0.268838519478982,123.166666666667,135.166666666667,24,1.888888889
486,6,1.13988249188633,121.833333333333,NA,32,2
488,NA,NA,NA,NA,NA,NA
489,4.833333333,-2.02967869368633,110.333333333333,125.333333333333,48,0.833333333
490,5.666666667,-0.514451420884401,115.5,124,46,1.666666667
491,NA,NA,NA,NA,30,NA
492,5.416666667,-1.00272763420404,118.666666666667,132.666666666667,47,1.416666667
494,5.916666667,0.396528975997477,121.333333333333,132.25,46,1.916666667
495,5.722222222,-0.391309603980077,118.666666666667,130.8,35,1.722222222
496,5.733333333,-0.326907355493239,121.8,131.166666666667,35,1.733333333
498,NA,NA,NA,NA,31,NA
499,4.944444444,-1.75652929867609,111.833333333333,125.6,45.666667,0.944444444
501,NA,NA,NA,NA,NA,NA
502,NA,NA,NA,NA,30,NA
503,5.722222222,-0.391309603980077,117.166666666667,131.5,34,1.722222222
504,5.791666667,-0.17475560144772,118,126.875,27,1.791666667
505,NA,NA,NA,NA,36,NA
506,5.833333333,-0.00482974570280406,119.666666666667,NA,25,1.833333333
507,5.722222222,-0.391309603980077,114.5,124.285714285714,40,1.722222222
508,5.866666667,0.145402534633602,119.333333333333,131,23,1.866666667
509,NA,NA,NA,NA,NA,NA
510,5.4,-1.03933007461747,116.166666666667,126.5,24,1.4
511,NA,NA,NA,NA,40,NA
512,5.722222222,-0.391309603980077,122.2,129.666666666667,26.5,1.722222222
513,6,1.13988249188633,120,128.25,42,2
514,5.666666667,-0.514451420884401,112,129,35.5,1.666666667
515,5.866666667,0.145402534633602,120.333333333333,129,32,1.866666667
516,6,1.13988249188633,119.5,130,29,2
518,NA,NA,NA,126.5,NA,NA
519,5.777777778,-0.224027338422406,118.833333333333,129.6,34,1.777777778
520,5.833333333,-0.00482974570280406,124.666666666667,NA,33,1.833333333
521,4.777777778,-2.21188008223255,115.5,NA,31,0.777777778
522,6,1.13988249188633,121.25,NA,30,2
523,NA,NA,NA,NA,24,NA
524,5.933333333,0.500716969809112,113.333333333333,127.5,43,1.933333333
525,6,1.13988249188633,120.166666666667,131.5,NA,2
526,NA,NA,NA,NA,NA,NA
527,6,1.13988249188633,116.166666666667,130,35,2
528,5.571428571,-0.70667448980832,117,132.714285714286,35,1.571428571
529,5.666666667,-0.514451420884401,118.166666666667,132.666666666667,31,1.666666667
530,6,1.13988249188633,117.166666666667,129.428571428571,41,2
531,5.583333333,-0.694328989029049,121,138,23,1.583333333
532,6,1.13988249188633,120.333333333333,135,35,2
533,6,1.13988249188633,123.5,NA,25,2
534,5.166666667,-1.43174853898677,117.333333333333,NA,29,1.166666667
535,5.333333333,-1.14918017086526,120,NA,26,1.333333333
536,5.333333333,-1.14918017086526,116.166666666667,126.666666666667,37,1.333333333
539,5.916666667,0.396528975997477,120.5,NA,25,1.916666667
540,6,1.13988249188633,117,NA,39,2
541,6,1.13988249188633,120,131.375,27.5,2
542,5.466666667,-0.896581644050448,114.833333333333,NA,34,1.466666667
543,5.145833333,-1.47335585903653,119.333333333333,NA,33,1.145833333
544,5.111111111,-1.53314209507921,110.833333333333,125.5,38,1.111111111
545,4.8,-2.13506992722039,114.666666666667,127.4,37.2,0.8
546,NA,NA,NA,128.8,NA,NA
547,5.666666667,-0.514451420884401,120.2,NA,48,1.666666667
548,5.75,-0.283891858027877,119.666666666667,128,32,1.75
549,NA,NA,NA,NA,NA,NA
550,6,1.13988249188633,122.2,NA,40,2
552,5.666666667,-0.514451420884401,118.666666666667,NA,30,1.666666667
553,5.833333333,-0.00482974570280406,119.4,NA,30,1.833333333
554,5.944444444,0.59905988959618,114.5,126.6,43,1.944444444
555,6,1.13988249188633,121.333333333333,NA,25,2
556,NA,NA,NA,NA,34,NA
557,5.555555556,-0.741196704774636,113.833333333333,127.5,31,1.555555556
558,5.777777778,-0.224027338422406,123,NA,31,1.777777778
559,5.944444444,0.59905988959618,118,NA,30,1.944444444
560,6,1.13988249188633,121.666666666667,133.666666666667,22,2
561,NA,NA,121.666666666667,NA,NA,NA
562,5.6,-0.660909239720822,118.833333333333,131,36,1.6
563,6,1.13988249188633,120.333333333333,NA,31,2
564,5.5,-0.843687721392016,118.166666666667,NA,45,1.5
565,6,1.13988249188633,115.833333333333,131,43,2
567,5.583333333,-0.694328989029049,120.666666666667,132.666666666667,41,1.583333333
569,5.8,-0.130774422330991,118.833333333333,131.666666666667,37,1.8
571,6,1.13988249188633,116,NA,40.333333,2
572,5.75,-0.283891858027877,117.5,132.333333333333,25,1.75
573,5.833333333,-0.00482974570280406,117.6,135.25,30,1.833333333
574,5.888888889,0.268838519478982,122,NA,28,1.888888889
575,5.533333333,-0.78975228996653,120.166666666667,138.75,41,1.533333333
576,5.333333333,-1.14918017086526,108.333333333333,NA,38,1.333333333
577,NA,NA,NA,NA,32,NA
578,5.916666667,0.396528975997477,119.833333333333,136,19,1.916666667
579,NA,NA,NA,NA,NA,NA
581,5.666666667,-0.514451420884401,114.833333333333,126.6,43,1.666666667
582,5.444444444,-0.940773762562063,113.833333333333,125.333333333333,32,1.444444444
583,4.916666667,-1.84175771835062,113.6,126,41.5,0.916666667
585,6,1.13988249188633,120.5,130.166666666667,26,2
586,6,1.13988249188633,123.333333333333,NA,31.5,2
587,5.777777778,-0.224027338422406,113.166666666667,132.333333333333,44,1.777777778
588,NA,NA,122.8,138.333333333333,35,NA
590,5.611111111,-0.61357072056104,110.666666666667,125.2,44,1.611111111
591,6,1.13988249188633,116.5,128.25,39,2
592,NA,NA,NA,NA,26,NA
593,6,1.13988249188633,120.8,NA,38,2
594,5.611111111,-0.61357072056104,118.166666666667,NA,33,1.611111111
595,5.583333333,-0.694328989029049,119.666666666667,131,42,1.583333333
596,5.777777778,-0.224027338422406,121.5,NA,32,1.777777778
597,6,1.13988249188633,122,141.666666666667,28,2
600,5.666666667,-0.514451420884401,124,NA,28,1.666666667
601,5.888888889,0.268838519478982,116.666666666667,NA,31,1.888888889
602,5.566666667,-0.712887747493508,117.8,130.2,43,1.566666667
603,5.916666667,0.396528975997477,120,NA,35,1.916666667
604,6,1.13988249188633,119.5,NA,31,2
605,6,1.13988249188633,121,NA,32,2
606,5.916666667,0.396528975997477,119.166666666667,134.833333333333,34,1.916666667
607,4.6,-2.58869953739053,115.666666666667,127,36.5,0.6
608,5.333333333,-1.14918017086526,118.333333333333,136.285714285714,31,1.333333333
609,5.866666667,0.145402534633602,118.166666666667,NA,36,1.866666667
610,5.666666667,-0.514451420884401,116.666666666667,133.333333333333,27,1.666666667
611,5.833333333,-0.00482974570280406,122.166666666667,NA,34,1.833333333
612,6,1.13988249188633,118.5,132.833333333333,29,2
613,NA,NA,NA,NA,NA,NA
614,5.833333333,-0.00482974570280406,124.166666666667,NA,41,1.833333333
616,5.6,-0.660909239720822,120.833333333333,NA,26,1.6
617,5.916666667,0.396528975997477,119.333333333333,132.333333333333,26,1.916666667
618,5.8,-0.130774422330991,119.833333333333,132.5,39,1.8
619,5.888888889,0.268838519478982,108.166666666667,125.125,35,1.888888889
620,5.277777778,-1.25882794167362,109.666666666667,126.5,36,1.277777778
621,NA,NA,NA,NA,NA,NA
623,6,1.13988249188633,119.5,NA,40,2
624,5.777777778,-0.224027338422406,116.5,NA,37,1.777777778
625,5.833333333,-0.00482974570280406,110.833333333333,126,31,1.833333333
627,5.866666667,0.145402534633602,118.166666666667,133,38,1.866666667
628,5.833333333,-0.00482974570280406,116.5,128.666666666667,31,1.833333333
629,6,1.13988249188633,121.166666666667,NA,34,2
631,5.888888889,0.268838519478982,117.5,133.5,35,1.888888889
632,5.916666667,0.396528975997477,121.666666666667,NA,31,1.916666667
633,6,1.13988249188633,124.666666666667,135,36,2
634,NA,NA,NA,NA,43,NA
635,5.8,-0.130774422330991,120.833333333333,135.333333333333,28,1.8
638,5.888888889,0.268838519478982,118.5,126.75,36,1.888888889
640,6,1.13988249188633,121.833333333333,142.666666666667,34,2
641,5.944444444,0.59905988959618,120.333333333333,NA,43,1.944444444
642,5.388888889,-1.0730760534506,114.166666666667,NA,40,1.388888889
643,5.666666667,-0.514451420884401,122.2,NA,27,1.666666667
644,6,1.13988249188633,115.6,128.571428571429,39,2
645,5.5,-0.843687721392016,118.666666666667,131.333333333333,38,1.5
646,6,1.13988249188633,118.166666666667,129.333333333333,48,2
647,5.733333333,-0.326907355493239,120,132,37,1.733333333
648,6,1.13988249188633,120.833333333333,NA,36,2
649,5.4,-1.03933007461747,121.833333333333,130.333333333333,33,1.4
650,4.666666667,-2.37939589592461,121.2,127.666666666667,31.5,0.666666667
651,NA,NA,NA,125.5,NA,NA
652,NA,NA,NA,NA,34,NA
653,5.714285714,-0.4333784077062,118,NA,13,1.714285714
654,5.833333333,-0.00482974570280406,120.4,NA,32,1.833333333
655,5.533333333,-0.78975228996653,117.166666666667,131.2,31,1.533333333
656,6,1.13988249188633,120.6,NA,32,2
657,5.777777778,-0.224027338422406,121,129.2,19,1.777777778
658,5.933333333,0.500716969809112,118.5,130.75,29,1.933333333
659,5.25,-1.31406401444924,119.5,NA,27,1.25
660,6,1.13988249188633,117.333333333333,133.571428571429,26,2
661,5.916666667,0.396528975997477,116.5,131.833333333333,37,1.916666667
662,NA,NA,NA,NA,NA,NA
663,5.888888889,0.268838519478982,119.333333333333,125.375,48,1.888888889
664,5.933333333,0.500716969809112,118.833333333333,NA,47,1.933333333
666,5.388888889,-1.0730760534506,116.833333333333,126,39,1.388888889
667,5.6,-0.660909239720822,118.166666666667,134,45,1.6
670,6,1.13988249188633,124.333333333333,NA,31,2
671,NA,NA,NA,NA,33,NA
672,6,1.13988249188633,120.5,NA,34,2
673,5.888888889,0.268838519478982,119.333333333333,132,44,1.888888889
676,6,1.13988249188633,120.5,141,35,2
677,5.888888889,0.268838519478982,119.333333333333,133.25,40,1.888888889
678,NA,NA,NA,NA,26,NA
679,NA,NA,NA,NA,27,NA
680,5.111111111,-1.53314209507921,111.333333333333,NA,49,1.111111111
681,6,1.13988249188633,121.333333333333,NA,25,2
683,6,1.13988249188633,120.833333333333,NA,35.333333,2
684,6,1.13988249188633,118.5,135.25,53,2
686,NA,NA,NA,NA,29,NA
687,5.933333333,0.500716969809112,123.333333333333,NA,43,1.933333333
688,5.833333333,-0.00482974570280406,119.833333333333,NA,32,1.833333333
689,5.722222222,-0.391309603980077,118.5,NA,42,1.722222222
691,5.833333333,-0.00482974570280406,119.166666666667,NA,46,1.833333333
694,5.888888889,0.268838519478982,122.5,NA,48,1.888888889
695,5.833333333,-0.00482974570280406,121.333333333333,140.6,34,1.833333333
696,5.666666667,-0.514451420884401,121.666666666667,NA,39,1.666666667
697,5.888888889,0.268838519478982,119.5,145.666666666667,34,1.888888889
698,5.888888889,0.268838519478982,117.5,NA,42,1.888888889
699,NA,NA,NA,NA,32,NA
700,5.866666667,0.145402534633602,114.166666666667,127.75,34,1.866666667
