tube,plant_id,date,collection,flower_pos,long,short,note
124,D03_1,10-Apr,1,7,4,2,
124,D03_1,10-Apr,1,8,4,2,
124,D03_1,10-Apr,1,9,4,2,
125,D03_4,10-Apr,1,9,4,1,
125,D03_4,10-Apr,1,10,4,2,
125,D03_4,10-Apr,1,11,4,2,
126,A04,10-Apr,1,7,4,2,
126,A04,10-Apr,1,8,4,2,
126,A04,10-Apr,1,9,4,2,
127,B08,10-Apr,1,7,4,2,
127,B08,10-Apr,1,8,4,2,
127,B08,10-Apr,1,9,4,2,
128,C08,10-Apr,1,7,4,2,
128,C08,10-Apr,1,8,4,2,
128,C08,10-Apr,1,9,4,2,
129,F01,10-Apr,1,9,4,2,
129,F01,10-Apr,1,10,4,2,
129,F01,10-Apr,1,11,4,2,
130,F05,10-Apr,1,8,4,2,
130,F05,10-Apr,1,9,4,2,
130,F05,10-Apr,1,10,4,1,
131,F08,10-Apr,1,7,4,2,
131,F08,10-Apr,1,8,4,2,
131,F08,10-Apr,1,9,4,2,
132,A08,10-Apr,1,7,4,2,
132,A08,10-Apr,1,8,4,2,
132,A08,10-Apr,1,9,4,2,
133,I03,10-Apr,1,8,4,2,
133,I03,10-Apr,1,9,4,2,
133,I03,10-Apr,1,10,4,2,
134,H07,10-Apr,1,7,4,2,
134,H07,10-Apr,1,8,4,2,
134,H07,10-Apr,1,9,4,2,
135,A14,10-Apr,1,7,4,2,
135,A14,10-Apr,1,8,4,2,
135,A14,10-Apr,1,9,4,2,
136,A09,11-Apr,1,7,4,2,
136,A09,11-Apr,1,8,4,2,
136,A09,11-Apr,1,9,4,2,
137,H04,11-Apr,1,8,4,1,
137,H04,11-Apr,1,9,4,1,one normal short stamen and one petalloid short stamen. Petalloid not counted
137,H04,11-Apr,1,10,4,2,
138,A12,11-Apr,1,8,4,2,
138,A12,11-Apr,1,9,4,2,
138,A12,11-Apr,1,10,4,2,
139,K06,11-Apr,1,7,4,2,
139,K06,11-Apr,1,8,4,2,
139,K06,11-Apr,1,9,4,2,
140,L08,11-Apr,1,8,4,2,
140,L08,11-Apr,1,9,4,2,
140,L08,11-Apr,1,10,4,2,
141,A15,11-Apr,1,7,4,2,
141,A15,11-Apr,1,8,4,2,
141,A15,11-Apr,1,9,4,2,
142,B01,11-Apr,1,7,4,2,
142,B01,11-Apr,1,8,4,2,
142,B01,11-Apr,1,9,4,2,
143,B03,11-Apr,1,7,4,2,
143,B03,11-Apr,1,8,4,2,
143,B03,11-Apr,1,9,4,2,
144,C05,11-Apr,1,8,4,2,
144,C05,11-Apr,1,9,4,2,
144,C05,11-Apr,1,10,4,2,
145,B07,11-Apr,1,8,4,2,
145,B07,11-Apr,1,9,4,2,
145,B07,11-Apr,1,10,4,2,
146,C07,11-Apr,1,7,4,2,
146,C07,11-Apr,1,8,4,2,
146,C07,11-Apr,1,9,4,2,
147,E02,12-Apr,1,7,4,2,
147,E02,12-Apr,1,8,4,2,
147,E02,12-Apr,1,9,4,2,
148,F04,12-Apr,1,10,4,2,
148,F04,12-Apr,1,11,4,2,
148,F04,12-Apr,1,12,4,2,
149,E04,12-Apr,1,7,4,2,
149,E04,12-Apr,1,8,4,2,
149,E04,12-Apr,1,9,4,2,
150,E08,12-Apr,1,7,4,2,
150,E08,12-Apr,1,8,4,2,
150,E08,12-Apr,1,9,4,1,Mismatch between medial/lateral and long/short with 2 normal long medial and 1 normal short lateral but expected other lateral stamen is absent and expected other pair of medial stamens has 1 long 1 short. Stamen numbers recorded represent 4 medial 1 lateral. 
151,C02,12-Apr,1,8,4,2,
151,C02,12-Apr,1,9,4,2,
151,C02,12-Apr,1,10,4,2,
152,D03_5,12-Apr,1,7,4,2,
152,D03_5,12-Apr,1,8,4,2,
152,D03_5,12-Apr,1,9,4,2,
153,A02,12-Apr,1,7,4,2,
153,A02,12-Apr,1,8,4,2,
153,A02,12-Apr,1,9,4,1,
154,D03_6,12-Apr,1,8,4,2,
154,D03_6,12-Apr,1,9,4,2,
154,D03_6,12-Apr,1,10,4,2,
155,K02,12-Apr,1,8,4,2,
155,K02,12-Apr,1,9,4,2,
155,K02,12-Apr,1,10,4,2,
156,K07,12-Apr,1,7,4,2,
156,K07,12-Apr,1,8,4,2,
156,K07,12-Apr,1,9,4,2,
157,L03,12-Apr,1,7,4,2,
157,L03,12-Apr,1,8,4,2,
157,L03,12-Apr,1,9,4,2,
158,A16,12-Apr,1,9,4,2,
158,A16,12-Apr,1,10,4,2,
158,A16,12-Apr,1,11,4,2,
159,I01,12-Apr,1,8,4,2,
159,I01,12-Apr,1,9,4,2,
159,I01,12-Apr,1,10,4,2,
160,H03,12-Apr,1,7,4,2,
160,H03,12-Apr,1,8,4,2,
160,H03,12-Apr,1,9,4,2,oddly crinkled flower (pistil and stamens not straight). Flower not fully open
161,I07,12-Apr,1,8,4,2,
161,I07,12-Apr,1,9,4,2,
161,I07,12-Apr,1,10,4,1,
162,A10,12-Apr,1,7,4,2,
162,A10,12-Apr,1,8,4,2,
162,A10,12-Apr,1,9,4,2,one short stamen VERY short. Anther barely exserted past sepal/petal insertion point
163,I08,12-Apr,1,7,4,2,
163,I08,12-Apr,1,8,4,2,
163,I08,12-Apr,1,9,4,2,
164,D03_4,13-Apr,2,17,4,2,
164,D03_4,13-Apr,2,18,4,2,
164,D03_4,13-Apr,2,19,4,2,
165,A05,13-Apr,1,7,4,2,
165,A05,13-Apr,1,8,4,2,
165,A05,13-Apr,1,9,4,1,
166,A06,13-Apr,1,7,4,2,
166,A06,13-Apr,1,8,4,2,
166,A06,13-Apr,1,9,4,2,
167,F01,13-Apr,2,17,4,2,
167,F01,13-Apr,2,18,4,2,
167,F01,13-Apr,2,19,4,2,
168,L02,13-Apr,1,8,4,2,
168,L02,13-Apr,1,9,4,2,
168,L02,13-Apr,1,10,4,2,
169,A11,13-Apr,1,7,4,2,
169,A11,13-Apr,1,8,4,2,
169,A11,13-Apr,1,9,4,2,
170,A03,14-Apr,1,7,4,2,
170,A03,14-Apr,1,8,4,2,
170,A03,14-Apr,1,9,4,2,
171,B08,14-Apr,2,17,4,2,
171,B08,14-Apr,2,18,4,2,
171,B08,14-Apr,2,19,4,2,
172,A04,14-Apr,2,17,4,2,
172,A04,14-Apr,2,18,4,2,
172,A04,14-Apr,2,19,4,2,
173,A13,14-Apr,1,7,4,2,
173,A13,14-Apr,1,8,4,2,
173,A13,14-Apr,1,9,4,2,
174,K04,14-Apr,1,8,4,2,
174,K04,14-Apr,1,9,4,1,
174,K04,14-Apr,1,10,4,2,
175,I03,14-Apr,2,18,4,2,
175,I03,14-Apr,2,19,4,2,
175,I03,14-Apr,2,20,4,2,
176,H07,14-Apr,2,17,4,1,one petal rumpled
176,H07,14-Apr,2,17,4,2,
176,H07,14-Apr,2,17,4,2,
177,H08,14-Apr,1,8,4,2,
177,H08,14-Apr,1,9,4,2,
177,H08,14-Apr,1,10,4,2,
178,A07,14-Apr,1,7,4,2,
178,A07,14-Apr,1,8,4,1,one petal seemed positioned oddly/rumpled
178,A07,14-Apr,1,9,4,2,
179,F05,14-Apr,2,18,4,2,
179,F05,14-Apr,2,19,4,2,
179,F05,14-Apr,2,20,4,2,
180,D03_1,15-Apr,2,18,4,2,
180,D03_1,15-Apr,2,19,4,2,
180,D03_1,15-Apr,2,20,4,2,
181,B01,15-Apr,2,17,4,2,
181,B01,15-Apr,2,18,4,2,
181,B01,15-Apr,2,19,4,2,
182,C02,15-Apr,2,17,4,2,
182,C02,15-Apr,2,18,4,2,
182,C02,15-Apr,2,19,4,2,
183,A01,15-Apr,1,8,4,2,
183,A01,15-Apr,1,9,4,2,
183,A01,15-Apr,1,10,4,2,
184,B03,15-Apr,2,17,4,2,
184,B03,15-Apr,2,18,4,2,
184,B03,15-Apr,2,19,4,2,
185,C05,15-Apr,2,17,4,2,
185,C05,15-Apr,2,18,4,2,
185,C05,15-Apr,2,19,4,2,
186,B07,15-Apr,2,17,4,2,
186,B07,15-Apr,2,18,4,2,
186,B07,15-Apr,2,19,4,2,
187,C07,15-Apr,2,17,4,2,
187,C07,15-Apr,2,18,4,2,
187,C07,15-Apr,2,19,4,2,some stamens bent and petals crinkled
188,A14,15-Apr,2,17,4,2,
188,A14,15-Apr,2,18,4,2,
188,A14,15-Apr,2,19,4,2,
189,L05,15-Apr,1,8,4,2,
189,L05,15-Apr,1,9,4,2,
189,L05,15-Apr,1,10,4,2,
190,L08,15-Apr,2,17,4,2,
190,L08,15-Apr,2,18,4,2,
190,L08,15-Apr,2,19,4,2,
191,F04,15-Apr,2,18,4,2,
191,F04,15-Apr,2,19,4,2,
191,F04,15-Apr,2,20,4,2,
192,E05,15-Apr,1,7,4,2,
192,E05,15-Apr,1,8,4,2,
192,E05,15-Apr,1,9,4,2,
193,F08,15-Apr,2,17,4,2,
193,F08,15-Apr,2,18,4,2,
193,F08,15-Apr,2,19,4,2,
194,A08,15-Apr,2,18,4,2,
194,A08,15-Apr,2,19,4,2,
194,A08,15-Apr,2,20,4,2,
195,H04,15-Apr,2,17,4,2,
195,H04,15-Apr,2,18,4,2,
195,H04,15-Apr,2,19,4,2,
196,I01,17-Apr,2,20,4,2,
196,I01,17-Apr,2,21,4,2,
196,I01,17-Apr,2,22,4,2,
197,H03,17-Apr,2,17,4,2,
197,H03,17-Apr,2,18,4,2,
197,H03,17-Apr,2,19,4,2,
198,A09,17-Apr,2,21,4,2,
198,A09,17-Apr,2,22,4,2,
198,A09,17-Apr,2,23,4,2,
199,I07,17-Apr,2,20,4,2,
199,I07,17-Apr,2,21,4,2,
199,I07,17-Apr,2,22,4,2,
200,A10,17-Apr,2,18,4,2,
200,A10,17-Apr,2,19,4,2,
200,A10,17-Apr,2,20,4,2,
201,A12,17-Apr,2,21,4,2,
201,A12,17-Apr,2,22,4,2,
201,A12,17-Apr,2,23,4,2,
202,I08,17-Apr,2,18,4,2,
202,I08,17-Apr,2,19,4,2,
202,I08,17-Apr,2,20,4,0,
203,K02,17-Apr,2,18,4,2,
203,K02,17-Apr,2,19,4,2,
203,K02,17-Apr,2,20,4,2,
204,K06,17-Apr,2,19,4,2,
204,K06,17-Apr,2,20,4,2,
204,K06,17-Apr,2,21,4,2,
205,L03,17-Apr,2,17,4,2,
205,L03,17-Apr,2,18,4,2,
205,L03,17-Apr,2,19,4,2,
206,A15,17-Apr,2,19,4,2,
206,A15,17-Apr,2,20,4,1,
206,A15,17-Apr,2,21,4,2,
207,A16,17-Apr,2,19,4,2,
207,A16,17-Apr,2,20,4,2,
207,A16,17-Apr,2,21,4,2,
208,E02,17-Apr,2,17,4,2,mangled flower while scoring so a little unsure whether 2 or 1 short stamens
208,E02,17-Apr,2,18,4,2,
208,E02,17-Apr,2,19,4,2,
209,F01,17-Apr,3,27,4,2,
209,F01,17-Apr,3,28,4,2,
209,F01,17-Apr,3,29,4,2,
210,E04,17-Apr,2,18,4,2,
210,E04,17-Apr,2,19,4,2,
210,E04,17-Apr,2,20,4,2,
211,E08,17-Apr,2,17,4,2,
211,E08,17-Apr,2,18,4,1,
211,E08,17-Apr,2,19,4,2,
212,D03_4,17-Apr,3,27,4,2,
212,D03_4,17-Apr,3,28,4,2,
212,D03_4,17-Apr,3,29,4,2,
213,D03_5,17-Apr,2,19,4,2,
213,D03_5,17-Apr,2,20,4,2,
213,D03_5,17-Apr,2,21,4,2,
214,A02,17-Apr,2,19,4,2,
214,A02,17-Apr,2,20,4,2,
214,A02,17-Apr,2,21,4,2,
215,C08,17-Apr,2,22,4,2,
215,C08,17-Apr,2,23,4,2,
215,C08,17-Apr,2,24,4,2,
216,D03_6,17-Apr,2,21,4,2,
216,D03_6,17-Apr,2,22,4,2,
216,D03_6,17-Apr,2,23,4,2,
217,K04,18-Apr,2,17,4,2,
217,K04,18-Apr,2,18,4,2,
217,K04,18-Apr,2,20,4,2,
218,L02,18-Apr,2,19,4,2,
218,L02,18-Apr,2,20,4,2,
218,L02,18-Apr,2,21,4,2,
219,K07,18-Apr,2,19,4,2,
219,K07,18-Apr,2,20,4,2,
219,K07,18-Apr,2,21,4,2,
220,I03,18-Apr,3,27,4,2,
220,I03,18-Apr,3,28,4,2,
220,I03,18-Apr,3,29,4,2,
221,H07,18-Apr,3,28,4,2,
221,H07,18-Apr,3,29,4,1,
221,H07,18-Apr,3,30,4,1,
222,H08,18-Apr,2,17,4,2,
222,H08,18-Apr,2,18,4,2,
222,H08,18-Apr,2,19,4,2,one long stamen has narrow white protrusion from anther like extra bit of filament and anther is divided in 
223,A11,18-Apr,2,18,4,2,
223,A11,18-Apr,2,19,4,2,
223,A11,18-Apr,2,20,4,2,
224,B08,18-Apr,3,28,4,2,
224,B08,18-Apr,3,29,4,2,
224,B08,18-Apr,3,30,4,1,
225,A04,18-Apr,3,27,4,2,
225,A04,18-Apr,3,28,4,1,
225,A04,18-Apr,3,29,4,2,
226,A05,18-Apr,2,18,4,2,
226,A05,18-Apr,2,19,4,2,
226,A05,18-Apr,2,20,4,2,
227,A06,18-Apr,2,19,4,2,
227,A06,18-Apr,2,20,4,2,
227,A06,18-Apr,2,21,4,2,
228,F05,18-Apr,2,28,4,2,
228,F05,18-Apr,2,29,4,1,
228,F05,18-Apr,2,30,4,2,
229,I01,19-Apr,3,27,4,2,
229,I01,19-Apr,3,28,4,2,
229,I01,19-Apr,3,29,4,2,
230,I07,19-Apr,3,27,4,2,
230,I07,19-Apr,3,28,4,2,
230,I07,19-Apr,3,29,4,2,
231,A10,19-Apr,3,26,4,2,
231,A10,19-Apr,3,27,4,2,
231,A10,19-Apr,3,28,4,2,
232,A12,19-Apr,3,27,4,2,
232,A12,19-Apr,3,28,4,1,
232,A12,19-Apr,3,29,4,1,
233,A13,19-Apr,2,17,4,2,
233,A13,19-Apr,2,18,4,2,
233,A13,19-Apr,2,19,4,2,
234,A14,19-Apr,3,27,4,2,
234,A14,19-Apr,3,28,4,2,
234,A14,19-Apr,3,26,4,2,
235,L08,19-Apr,3,27,4,2,
235,L08,19-Apr,3,28,4,2,
235,L08,19-Apr,3,29,4,2,
236,F04,19-Apr,3,28,4,2,
236,F04,19-Apr,3,29,4,2,
236,F04,19-Apr,3,30,4,2,
237,A07,19-Apr,2,18,4,2,
237,A07,19-Apr,2,19,4,2,
237,A07,19-Apr,2,22,4,2,flower 20 misshapen and 21 closed even though 22 open so sampled 22
238,A08,19-Apr,3,27,4,2,
238,A08,19-Apr,3,28,4,2,
238,A08,19-Apr,3,29,4,2,
239,D03_1,19-Apr,3,27,4,2,
239,D03_1,19-Apr,3,28,4,2,
239,D03_1,19-Apr,3,31,4,2,skipped 29 and 30 since unopened even though 31 was open
240,B01,19-Apr,3,27,4,2,
240,B01,19-Apr,3,28,4,2,
240,B01,19-Apr,3,29,4,2,
241,C02,19-Apr,3,27,4,2,
241,C02,19-Apr,3,28,4,2,
241,C02,19-Apr,3,29,4,2,
242,A01,19-Apr,2,17,4,2,
242,A01,19-Apr,2,18,4,2,
242,A01,19-Apr,2,19,4,2,
243,B03,19-Apr,3,27,4,2,
243,B03,19-Apr,3,28,4,1,
243,B03,19-Apr,3,29,4,2,
244,C05,19-Apr,3,27,4,2,
244,C05,19-Apr,3,28,4,2,
244,C05,19-Apr,3,29,4,2,
245,B07,19-Apr,3,28,4,2,
245,B07,19-Apr,3,29,4,2,
245,B07,19-Apr,3,30,4,2,
246,C07,19-Apr,3,27,4,2,
246,C07,19-Apr,3,28,4,2,
246,C07,19-Apr,3,29,4,2,
247,A03,19-Apr,2,18,4,2,
247,A03,19-Apr,2,19,4,2,
247,A03,19-Apr,2,20,4,2,
248,D03_6,19-Apr,3,27,4,2,
248,D03_6,19-Apr,3,28,4,2,
248,D03_6,19-Apr,3,29,4,2,
249,A09,20-Apr,3,28,4,2,
249,A09,20-Apr,3,29,4,2,
249,A09,20-Apr,3,30,4,2,
250,H04,20-Apr,3,27,4,2,
250,H04,20-Apr,3,28,4,2,
250,H04,20-Apr,3,29,4,2,
251,E02,20-Apr,3,25,4,2,
251,E02,20-Apr,3,26,4,2,
251,E02,20-Apr,3,27,4,2,
252,E05,20-Apr,2,17,4,2,
252,E05,20-Apr,2,18,4,2,
252,E05,20-Apr,2,19,4,2,
253,F08,20-Apr,3,27,4,2,
253,F08,20-Apr,3,28,4,2,
253,F08,20-Apr,3,29,4,2,
254,E08,20-Apr,3,25,4,2,
254,E08,20-Apr,3,26,4,2,
254,E08,20-Apr,3,27,4,2,
255,K02,20-Apr,3,26,4,2,
255,K02,20-Apr,3,27,4,2,
255,K02,20-Apr,3,28,4,2,
256,L05,20-Apr,2,17,4,2,
256,L05,20-Apr,2,18,4,2,
256,L05,20-Apr,2,19,4,2,
257,A15,20-Apr,3,27,4,2,
257,A15,20-Apr,3,28,4,2,
257,A15,20-Apr,3,29,4,2,
258,A16,20-Apr,3,27,4,2,
258,A16,20-Apr,3,28,4,2,
258,A16,20-Apr,3,29,4,2,
259,D03_5,20-Apr,3,28,4,2,
259,D03_5,20-Apr,3,29,4,2,
259,D03_5,20-Apr,3,30,4,2,
260,A02,20-Apr,3,27,4,2,
260,A02,20-Apr,3,28,4,2,
260,A02,20-Apr,3,29,4,2,
261,C08,20-Apr,3,28,4,2,
261,C08,20-Apr,3,29,4,2,
261,C08,20-Apr,3,30,4,1,
262,A06,21-Apr,3,27,4,2,
262,A06,21-Apr,3,28,4,2,
262,A06,21-Apr,3,29,4,1,
263,E04,21-Apr,3,27,5,1,"flower fell apart while scoring but seemed like 1 short stamen, 2 long stamens in a pair as usual, and triplet of long stamens grouped together"
263,E04,21-Apr,3,27,4,1,
263,E04,21-Apr,3,27,4,2,
264,H03,21-Apr,3,26,4,2,
264,H03,21-Apr,3,27,4,2,
264,H03,21-Apr,3,29,4,2,skipped 28 bc not as close to opening as 29
265,H08,21-Apr,3,25,4,2,
265,H08,21-Apr,3,26,4,1,
265,H08,21-Apr,3,27,4,2,
266,A11,21-Apr,3,26,4,2,
266,A11,21-Apr,3,27,4,2,
266,A11,21-Apr,3,28,4,2,
267,I08,21-Apr,3,27,4,2,
267,I08,21-Apr,3,28,4,2,
267,I08,21-Apr,3,29,4,2,
268,K06,21-Apr,3,27,3,2,uncertain as flower fell apart during scoring and short and long stamens were very similar in length
268,K06,21-Apr,3,28,4,1,second short stamen was VERY short. Seems vestigial and anther greenish so counted as absent
268,K06,21-Apr,3,27,4,2,
269,K07,21-Apr,3,27,4,2,
269,K07,21-Apr,3,28,4,1,
269,K07,21-Apr,3,29,4,2,
270,L03,21-Apr,3,26,4,2,
270,L03,21-Apr,3,27,4,2,
270,L03,21-Apr,3,28,4,2,
271,A05,22-Apr,3,26,4,2,
271,A05,22-Apr,3,27,4,2,
271,A05,22-Apr,3,28,4,2,
272,A07,22-Apr,3,27,4,2,
272,A07,22-Apr,3,28,4,2,
272,A07,22-Apr,3,29,4,2,
273,A01,22-Apr,3,25,4,2,
273,A01,22-Apr,3,26,4,2,
273,A01,22-Apr,3,27,4,2,
274,A03,22-Apr,3,27,4,2,
274,A03,22-Apr,3,28,4,2,
274,A03,22-Apr,3,29,4,2,
275,A13,22-Apr,3,25,4,2,
275,A13,22-Apr,3,26,4,2,
275,A13,22-Apr,3,27,4,2,
276,K04,22-Apr,3,26,4,1,
276,K04,22-Apr,3,27,4,2,
276,K04,22-Apr,3,28,4,2,
277,L02,22-Apr,3,28,4,2,
277,L02,22-Apr,3,29,4,2,
277,L02,22-Apr,3,30,4,2,
278,L05,23-Apr,3,25,4,1,
278,L05,23-Apr,3,26,4,2,
278,L05,23-Apr,3,27,4,2,
279,E05,24-Apr,3,25,4,2,
279,E05,24-Apr,3,26,4,2,
279,E05,24-Apr,3,27,4,2,