"","Tube","Line","rep_num","CollectionDate","FlowerPos","LongStamenNum","ShortStamenNum","IsSideFlower","collection","plant_id"
"1",1,"SALK_012835",3,"1/11/22",9,4,2,0,NA,"SALK_012835-3"
"2",1,"SALK_012835",3,"1/11/22",10,4,2,0,NA,"SALK_012835-3"
"3",1,"SALK_012835",3,"1/11/22",11,4,2,0,NA,"SALK_012835-3"
"4",2,"SALK_012835",4,"1/11/22",10,4,2,0,NA,"SALK_012835-4"
"5",2,"SALK_012835",4,"1/11/22",11,4,2,0,NA,"SALK_012835-4"
"6",2,"SALK_012835",4,"1/11/22",12,4,2,0,NA,"SALK_012835-4"
"7",3,"SALK_055242",2,"1/11/22",8,4,2,0,NA,"SALK_055242-2"
"8",3,"SALK_055242",2,"1/11/22",9,4,2,0,NA,"SALK_055242-2"
"9",3,"SALK_055242",2,"1/11/22",10,5,1,0,NA,"SALK_055242-2"
"10",4,"Col",3,"1/11/22",10,4,2,0,NA,"Col-3"
"11",4,"Col",3,"1/11/22",11,4,2,0,NA,"Col-3"
"12",4,"Col",3,"1/11/22",12,4,2,0,NA,"Col-3"
"13",5,"Col",5,"1/11/22",7,4,2,0,NA,"Col-5"
"14",5,"Col",5,"1/11/22",8,4,2,0,NA,"Col-5"
"15",5,"Col",5,"1/11/22",9,4,2,0,NA,"Col-5"
"16",6,"Col",15,"1/11/22",10,4,1,0,NA,"Col-15"
"17",6,"Col",15,"1/11/22",11,4,2,0,NA,"Col-15"
"18",6,"Col",15,"1/11/22",12,4,2,0,NA,"Col-15"
"19",7,"SALK_065777",6,"1/11/22",8,4,2,0,NA,"SALK_065777-6"
"20",7,"SALK_065777",6,"1/11/22",9,4,2,0,NA,"SALK_065777-6"
"21",7,"SALK_065777",6,"1/11/22",10,4,1,0,NA,"SALK_065777-6"
"22",8,"Col",17,"1/11/22",7,4,2,0,NA,"Col-17"
"23",8,"Col",17,"1/11/22",8,3,2,0,NA,"Col-17"
"24",8,"Col",17,"1/11/22",9,4,2,0,NA,"Col-17"
"25",9,"Col",1,"1/12/22",7,4,2,0,NA,"Col-1"
"26",9,"Col",1,"1/12/22",8,4,2,0,NA,"Col-1"
"27",9,"Col",1,"1/12/22",9,4,2,0,NA,"Col-1"
"28",10,"Col",6,"1/12/22",9,4,2,0,NA,"Col-6"
"29",10,"Col",6,"1/12/22",10,4,2,0,NA,"Col-6"
"30",10,"Col",6,"1/12/22",11,4,2,0,NA,"Col-6"
"31",11,"Col",7,"1/12/22",7,4,2,0,NA,"Col-7"
"32",11,"Col",7,"1/12/22",8,4,2,0,NA,"Col-7"
"33",11,"Col",7,"1/12/22",9,4,2,0,NA,"Col-7"
"34",12,"Col",10,"1/12/22",12,4,2,0,NA,"Col-10"
"35",12,"Col",10,"1/12/22",14,4,2,0,NA,"Col-10"
"36",12,"Col",10,"1/12/22",15,4,2,0,NA,"Col-10"
"37",13,"SALK_012835",8,"1/12/22",8,4,2,0,NA,"SALK_012835-8"
"38",13,"SALK_012835",8,"1/12/22",9,4,2,0,NA,"SALK_012835-8"
"39",13,"SALK_012835",8,"1/12/22",10,4,2,0,NA,"SALK_012835-8"
"40",14,"Col",11,"1/12/22",12,4,2,0,NA,"Col-11"
"41",14,"Col",11,"1/12/22",13,4,2,0,NA,"Col-11"
"42",14,"Col",11,"1/12/22",14,4,2,0,NA,"Col-11"
"43",15,"Col",12,"1/12/22",7,4,2,0,NA,"Col-12"
"44",15,"Col",12,"1/12/22",8,4,2,0,NA,"Col-12"
"45",15,"Col",12,"1/12/22",9,4,2,0,NA,"Col-12"
"49",17,"SALK_028815",11,"1/12/22",11,4,2,0,NA,"SALK_028815-11"
"50",17,"SALK_028815",11,"1/12/22",12,4,2,0,NA,"SALK_028815-11"
"51",17,"SALK_028815",11,"1/12/22",13,4,2,0,NA,"SALK_028815-11"
"52",18,"SALK_055242",6,"1/12/22",8,4,2,0,NA,"SALK_055242-6"
"53",18,"SALK_055242",6,"1/12/22",9,4,2,0,NA,"SALK_055242-6"
"54",18,"SALK_055242",6,"1/12/22",10,4,2,0,NA,"SALK_055242-6"
"55",19,"SALK_012835",2,"1/13/22",7,4,1,0,NA,"SALK_012835-2"
"56",19,"SALK_012835",2,"1/13/22",8,4,2,0,NA,"SALK_012835-2"
"57",19,"SALK_012835",2,"1/13/22",9,4,2,0,NA,"SALK_012835-2"
"58",20,"Col",9,"1/13/22",8,4,2,0,NA,"Col-9"
"59",20,"Col",9,"1/13/22",9,4,2,0,NA,"Col-9"
"60",20,"Col",9,"1/13/22",10,4,2,0,NA,"Col-9"
"61",21,"Col",16,"1/13/22",8,4,2,0,NA,"Col-16"
"62",21,"Col",16,"1/13/22",9,4,2,0,NA,"Col-16"
"63",21,"Col",16,"1/13/22",10,4,2,0,NA,"Col-16"
"64",22,"SALK_028815",1,"1/13/22",7,4,2,0,NA,"SALK_028815-1"
"65",22,"SALK_028815",1,"1/13/22",8,4,2,0,NA,"SALK_028815-1"
"66",22,"SALK_028815",1,"1/13/22",9,4,2,0,NA,"SALK_028815-1"
"67",23,"Col",2,"1/13/22",7,4,2,0,NA,"Col-2"
"68",23,"Col",2,"1/13/22",8,4,2,0,NA,"Col-2"
"69",23,"Col",2,"1/13/22",9,4,2,0,NA,"Col-2"
"70",24,"SALK_028815",8,"1/13/22",8,4,2,0,NA,"SALK_028815-8"
"71",24,"SALK_028815",8,"1/13/22",9,4,2,0,NA,"SALK_028815-8"
"72",24,"SALK_028815",8,"1/13/22",10,4,2,0,NA,"SALK_028815-8"
"73",25,"Col",13,"1/13/22",8,4,2,0,NA,"Col-13"
"74",25,"Col",13,"1/13/22",9,4,2,0,NA,"Col-13"
"75",25,"Col",13,"1/13/22",10,4,2,0,NA,"Col-13"
"76",26,"SALK_055242",3,"1/14/22",11,4,2,0,NA,"SALK_055242-3"
"77",26,"SALK_055242",3,"1/14/22",12,4,2,0,NA,"SALK_055242-3"
"78",26,"SALK_055242",3,"1/14/22",13,4,2,0,NA,"SALK_055242-3"
"79",27,"SALK_055242",9,"1/14/22",7,4,2,0,NA,"SALK_055242-9"
"80",27,"SALK_055242",9,"1/14/22",8,4,2,0,NA,"SALK_055242-9"
"81",27,"SALK_055242",9,"1/14/22",9,4,2,0,NA,"SALK_055242-9"
"82",28,"Col",4,"1/14/22",8,4,2,0,NA,"Col-4"
"83",28,"Col",4,"1/14/22",9,4,2,0,NA,"Col-4"
"84",28,"Col",4,"1/14/22",10,4,2,0,NA,"Col-4"
"85",29,"SALK_065777",9,"1/14/22",7,4,2,0,NA,"SALK_065777-9"
"86",29,"SALK_065777",9,"1/14/22",8,4,2,0,NA,"SALK_065777-9"
"87",29,"SALK_065777",9,"1/14/22",9,4,2,0,NA,"SALK_065777-9"
"88",30,"SALK_065777",11,"1/14/22",7,4,2,0,NA,"SALK_065777-11"
"89",30,"SALK_065777",11,"1/14/22",8,4,2,0,NA,"SALK_065777-11"
"90",30,"SALK_065777",11,"1/14/22",9,4,2,0,NA,"SALK_065777-11"
"91",31,"Col",19,"1/14/22",10,4,2,0,NA,"Col-19"
"92",31,"Col",19,"1/14/22",11,4,2,0,NA,"Col-19"
"93",31,"Col",19,"1/14/22",12,4,2,0,NA,"Col-19"
"97",33,"Col",8,"1/14/22",7,4,2,0,NA,"Col-8"
"98",33,"Col",8,"1/14/22",8,4,2,0,NA,"Col-8"
"99",33,"Col",8,"1/14/22",9,4,2,0,NA,"Col-8"
"106",36,"SALK_012835",3,"1/14/22",16,4,2,0,NA,"SALK_012835-3"
"107",36,"SALK_012835",3,"1/14/22",17,4,2,0,NA,"SALK_012835-3"
"108",36,"SALK_012835",3,"1/14/22",18,4,2,0,NA,"SALK_012835-3"
"109",37,"Col",10,"1/14/22",18,4,2,0,NA,"Col-10"
"110",37,"Col",10,"1/14/22",19,4,2,0,NA,"Col-10"
"111",37,"Col",10,"1/14/22",20,4,2,0,NA,"Col-10"
"112",38,"SALK_028815",4,"1/14/22",7,4,2,0,NA,"SALK_028815-4"
"113",38,"SALK_028815",4,"1/14/22",8,4,2,0,NA,"SALK_028815-4"
"114",38,"SALK_028815",4,"1/14/22",9,4,2,0,NA,"SALK_028815-4"
"115",39,"SALK_012835",3,"1/17/22",22,4,2,0,NA,"SALK_012835-3"
"116",39,"SALK_012835",3,"1/17/22",23,4,2,0,NA,"SALK_012835-3"
"117",39,"SALK_012835",3,"1/17/22",24,4,2,0,NA,"SALK_012835-3"
"118",40,"Col",1,"1/17/22",18,4,2,0,NA,"Col-1"
"119",40,"Col",1,"1/17/22",19,4,2,0,NA,"Col-1"
"120",40,"Col",1,"1/17/22",20,4,2,0,NA,"Col-1"
"121",41,"Col",9,"1/17/22",18,4,2,0,NA,"Col-9"
"122",41,"Col",9,"1/17/22",19,4,2,0,NA,"Col-9"
"123",41,"Col",9,"1/17/22",20,4,2,0,NA,"Col-9"
"124",42,"SALK_012835",4,"1/17/22",22,4,2,0,NA,"SALK_012835-4"
"125",42,"SALK_012835",4,"1/17/22",23,4,2,0,NA,"SALK_012835-4"
"126",42,"SALK_012835",4,"1/17/22",24,4,2,0,NA,"SALK_012835-4"
"127",43,"Col",12,"1/17/22",19,4,2,0,NA,"Col-12"
"128",43,"Col",12,"1/17/22",20,4,2,0,NA,"Col-12"
"129",43,"Col",12,"1/17/22",21,4,2,0,NA,"Col-12"
"130",44,"Col",16,"1/17/22",18,4,2,0,NA,"Col-16"
"131",44,"Col",16,"1/17/22",19,4,2,0,NA,"Col-16"
"132",44,"Col",16,"1/17/22",20,4,2,0,NA,"Col-16"
"133",45,"SALK_012835",8,"1/17/22",18,4,2,0,NA,"SALK_012835-8"
"134",45,"SALK_012835",8,"1/17/22",19,4,2,0,NA,"SALK_012835-8"
"135",45,"SALK_012835",8,"1/17/22",20,4,2,0,NA,"SALK_012835-8"
"136",46,"SALK_028815",1,"1/17/22",16,4,2,0,NA,"SALK_028815-1"
"137",46,"SALK_028815",1,"1/17/22",17,4,2,0,NA,"SALK_028815-1"
"138",46,"SALK_028815",1,"1/17/22",18,4,2,0,NA,"SALK_028815-1"
"139",47,"Col",2,"1/17/22",16,4,2,0,NA,"Col-2"
"140",47,"Col",2,"1/17/22",17,4,2,0,NA,"Col-2"
"141",47,"Col",2,"1/17/22",18,4,2,0,NA,"Col-2"
"142",48,"Col",10,"1/17/22",27,4,2,0,NA,"Col-10"
"143",48,"Col",10,"1/17/22",28,4,2,0,NA,"Col-10"
"144",48,"Col",10,"1/17/22",29,4,2,0,NA,"Col-10"
"145",49,"SALK_028815",8,"1/17/22",17,4,1,0,NA,"SALK_028815-8"
"146",49,"SALK_028815",8,"1/17/22",18,4,2,0,NA,"SALK_028815-8"
"147",49,"SALK_028815",8,"1/17/22",19,4,2,0,NA,"SALK_028815-8"
"148",50,"Col",13,"1/17/22",17,4,2,0,NA,"Col-13"
"149",50,"Col",13,"1/17/22",18,4,2,0,NA,"Col-13"
"150",50,"Col",13,"1/17/22",19,4,2,0,NA,"Col-13"
"151",51,"SALK_028815",11,"1/17/22",23,4,2,0,NA,"SALK_028815-11"
"152",51,"SALK_028815",11,"1/17/22",24,4,2,0,NA,"SALK_028815-11"
"153",51,"SALK_028815",11,"1/17/22",25,4,2,0,NA,"SALK_028815-11"
"154",52,"Col",17,"1/17/22",20,4,2,0,NA,"Col-17"
"155",52,"Col",17,"1/17/22",21,4,2,0,NA,"Col-17"
"156",52,"Col",17,"1/17/22",22,4,2,0,NA,"Col-17"
"157",53,"Col",5,"1/17/22",20,4,2,0,NA,"Col-5"
"158",53,"Col",5,"1/17/22",21,4,2,0,NA,"Col-5"
"159",53,"Col",5,"1/17/22",22,4,2,0,NA,"Col-5"
"163",55,"Col",11,"1/17/22",23,4,2,0,NA,"Col-11"
"164",55,"Col",11,"1/17/22",24,4,2,0,NA,"Col-11"
"165",55,"Col",11,"1/17/22",25,4,2,0,NA,"Col-11"
"166",56,"Col",20,"1/17/22",10,4,2,0,NA,"Col-20"
"167",56,"Col",20,"1/17/22",11,4,2,0,NA,"Col-20"
"168",56,"Col",20,"1/17/22",12,4,2,0,NA,"Col-20"
"181",61,"SALK_055242",2,"1/17/22",22,4,2,0,NA,"SALK_055242-2"
"182",61,"SALK_055242",2,"1/17/22",23,4,2,0,NA,"SALK_055242-2"
"183",61,"SALK_055242",2,"1/17/22",24,4,2,0,NA,"SALK_055242-2"
"184",62,"Col",3,"1/17/22",22,4,2,0,NA,"Col-3"
"185",62,"Col",3,"1/17/22",23,4,2,0,NA,"Col-3"
"186",62,"Col",3,"1/17/22",24,4,2,0,NA,"Col-3"
"187",63,"Col",6,"1/17/22",21,4,2,0,NA,"Col-6"
"188",63,"Col",6,"1/17/22",22,4,2,0,NA,"Col-6"
"189",63,"Col",6,"1/17/22",23,4,2,0,NA,"Col-6"
"190",64,"Col",14,"1/17/22",16,4,2,0,NA,"Col-14"
"191",64,"Col",14,"1/17/22",17,4,2,0,NA,"Col-14"
"192",64,"Col",14,"1/17/22",18,4,2,0,NA,"Col-14"
"193",65,"Col",18,"1/17/22",11,4,2,0,NA,"Col-18"
"194",65,"Col",18,"1/17/22",12,4,2,0,NA,"Col-18"
"195",65,"Col",18,"1/17/22",5,4,2,1,NA,"Col-18"
"196",66,"SALK_055242",3,"1/17/22",18,4,2,0,NA,"SALK_055242-3"
"197",66,"SALK_055242",3,"1/17/22",19,4,2,0,NA,"SALK_055242-3"
"198",66,"SALK_055242",3,"1/17/22",20,4,2,0,NA,"SALK_055242-3"
"199",67,"SALK_055242",6,"1/17/22",18,4,2,0,NA,"SALK_055242-6"
"200",67,"SALK_055242",6,"1/17/22",19,4,2,0,NA,"SALK_055242-6"
"201",67,"SALK_055242",6,"1/17/22",20,4,2,0,NA,"SALK_055242-6"
"202",68,"Col",7,"1/17/22",17,4,2,0,NA,"Col-7"
"203",68,"Col",7,"1/17/22",18,4,2,0,NA,"Col-7"
"204",68,"Col",7,"1/17/22",19,4,2,0,NA,"Col-7"
"205",69,"SALK_065777",6,"1/17/22",21,4,1,0,NA,"SALK_065777-6"
"206",69,"SALK_065777",6,"1/17/22",22,4,1,0,NA,"SALK_065777-6"
"207",69,"SALK_065777",6,"1/17/22",23,4,2,0,NA,"SALK_065777-6"
"208",70,"SALK_065777",10,"1/17/22",10,4,2,0,NA,"SALK_065777-10"
"209",70,"SALK_065777",10,"1/17/22",11,4,2,0,NA,"SALK_065777-10"
"210",70,"SALK_065777",10,"1/17/22",12,4,2,0,NA,"SALK_065777-10"
"211",71,"Col",15,"1/17/22",22,4,2,0,NA,"Col-15"
"212",71,"Col",15,"1/17/22",23,4,2,0,NA,"Col-15"
"213",71,"Col",15,"1/17/22",24,4,2,0,NA,"Col-15"
"214",72,"Col",19,"1/17/22",16,4,2,0,NA,"Col-19"
"215",72,"Col",19,"1/17/22",17,4,2,0,NA,"Col-19"
"216",72,"Col",19,"1/17/22",18,4,2,0,NA,"Col-19"
"217",73,"SALK_012835",2,"1/19/22",19,4,2,0,NA,"SALK_012835-2"
"218",73,"SALK_012835",2,"1/19/22",7,4,2,1,NA,"SALK_012835-2"
"219",73,"SALK_012835",2,"1/19/22",8,4,2,1,NA,"SALK_012835-2"
"220",74,"Col",9,"1/19/22",23,4,2,0,NA,"Col-9"
"221",74,"Col",9,"1/19/22",24,4,2,0,NA,"Col-9"
"222",74,"Col",9,"1/19/22",25,4,2,0,NA,"Col-9"
"223",75,"Col",12,"1/19/22",25,4,2,0,NA,"Col-12"
"224",75,"Col",12,"1/19/22",26,4,2,0,NA,"Col-12"
"225",75,"Col",12,"1/19/22",27,4,2,0,NA,"Col-12"
"226",76,"SALK_028815",4,"1/19/22",17,4,2,0,NA,"SALK_028815-4"
"227",76,"SALK_028815",4,"1/19/22",18,4,2,0,NA,"SALK_028815-4"
"228",76,"SALK_028815",4,"1/19/22",19,4,2,0,NA,"SALK_028815-4"
"229",77,"SALK_028815",11,"1/19/22",28,4,2,0,NA,"SALK_028815-11"
"230",77,"SALK_028815",11,"1/19/22",29,4,2,0,NA,"SALK_028815-11"
"231",77,"SALK_028815",11,"1/19/22",30,4,2,0,NA,"SALK_028815-11"
"232",78,"Col",17,"1/19/22",25,4,2,0,NA,"Col-17"
"233",78,"Col",17,"1/19/22",26,4,2,0,NA,"Col-17"
"234",78,"Col",17,"1/19/22",27,4,2,0,NA,"Col-17"
"235",79,"SALK_055242",2,"1/19/22",27,4,2,0,NA,"SALK_055242-2"
"236",79,"SALK_055242",2,"1/19/22",28,4,2,0,NA,"SALK_055242-2"
"237",79,"SALK_055242",2,"1/19/22",29,4,2,0,NA,"SALK_055242-2"
"238",80,"Col",6,"1/19/22",25,4,2,0,NA,"Col-6"
"239",80,"Col",6,"1/19/22",26,4,2,0,NA,"Col-6"
"240",80,"Col",6,"1/19/22",27,4,1,0,NA,"Col-6"
"241",81,"Col",18,"1/19/22",13,4,2,0,NA,"Col-18"
"242",81,"Col",18,"1/19/22",14,4,2,0,NA,"Col-18"
"243",81,"Col",18,"1/19/22",8,4,2,1,NA,"Col-18"
"244",82,"SALK_055242",6,"1/19/22",23,4,2,0,NA,"SALK_055242-6"
"245",82,"SALK_055242",6,"1/19/22",24,4,2,0,NA,"SALK_055242-6"
"246",82,"SALK_055242",6,"1/19/22",25,4,2,0,NA,"SALK_055242-6"
"247",83,"SALK_055242",9,"1/19/22",23,4,2,0,NA,"SALK_055242-9"
"248",83,"SALK_055242",9,"1/19/22",24,4,2,0,NA,"SALK_055242-9"
"249",83,"SALK_055242",9,"1/19/22",25,4,2,0,NA,"SALK_055242-9"
"250",84,"Col",4,"1/19/22",18,4,2,0,NA,"Col-4"
"251",84,"Col",4,"1/19/22",19,4,2,0,NA,"Col-4"
"252",84,"Col",4,"1/21/22",22,4,2,0,NA,"Col-4"
"253",85,"SALK_065777",6,"1/21/22",29,4,2,0,NA,"SALK_065777-6"
"254",85,"SALK_065777",6,"1/21/22",30,4,1,0,NA,"SALK_065777-6"
"255",85,"SALK_065777",6,"1/21/22",31,4,1,0,NA,"SALK_065777-6"
"256",86,"SALK_065777",9,"1/21/22",19,4,2,0,NA,"SALK_065777-9"
"257",86,"SALK_065777",9,"1/21/22",20,4,2,0,NA,"SALK_065777-9"
"258",86,"SALK_065777",9,"1/21/22",8,4,2,1,NA,"SALK_065777-9"
"259",87,"SALK_065777",10,"1/21/22",16,4,2,0,NA,"SALK_065777-10"
"260",87,"SALK_065777",10,"1/21/22",17,4,2,0,NA,"SALK_065777-10"
"261",87,"SALK_065777",10,"1/21/22",18,4,2,0,NA,"SALK_065777-10"
"262",88,"Col",15,"1/21/22",31,4,2,0,NA,"Col-15"
"263",88,"Col",15,"1/21/22",32,4,2,0,NA,"Col-15"
"264",88,"Col",15,"1/21/22",19,4,1,1,NA,"Col-15"
"265",89,"SALK_065777",11,"1/21/22",20,4,2,0,NA,"SALK_065777-11"
"266",89,"SALK_065777",11,"1/21/22",21,4,2,0,NA,"SALK_065777-11"
"267",89,"SALK_065777",11,"1/21/22",10,4,2,1,NA,"SALK_065777-11"
"268",90,"Col",19,"1/21/22",23,4,2,0,NA,"Col-19"
"269",90,"Col",19,"1/21/22",24,4,2,0,NA,"Col-19"
"270",90,"Col",19,"1/21/22",25,4,2,0,NA,"Col-19"
"271",91,"Col",5,"1/21/22",28,4,2,0,NA,"Col-5"
"272",91,"Col",5,"1/21/22",29,4,2,0,NA,"Col-5"
"273",91,"Col",5,"1/21/22",30,4,2,0,NA,"Col-5"
"277",93,"Col",8,"1/21/22",23,4,2,0,NA,"Col-8"
"278",93,"Col",8,"1/21/22",24,4,2,0,NA,"Col-8"
"279",93,"Col",8,"1/21/22",25,4,2,0,NA,"Col-8"
"280",94,"Col",11,"1/21/22",30,4,2,0,NA,"Col-11"
"281",94,"Col",11,"1/21/22",31,4,2,0,NA,"Col-11"
"282",94,"Col",11,"1/21/22",32,4,2,0,NA,"Col-11"
"283",95,"Col",20,"1/21/22",17,4,2,0,NA,"Col-20"
"284",95,"Col",20,"1/21/22",18,4,2,0,NA,"Col-20"
"285",95,"Col",20,"1/21/22",19,4,2,0,NA,"Col-20"
"298",100,"Col",1,"1/21/22",28,4,2,0,NA,"Col-1"
"299",100,"Col",1,"1/21/22",29,4,2,0,NA,"Col-1"
"300",100,"Col",1,"1/21/22",30,4,2,0,NA,"Col-1"
"301",101,"SALK_012835",4,"1/21/22",27,4,2,0,NA,"SALK_012835-4"
"302",101,"SALK_012835",4,"1/21/22",28,4,2,0,NA,"SALK_012835-4"
"303",101,"SALK_012835",4,"1/21/22",29,4,2,0,NA,"SALK_012835-4"
"304",102,"Col",16,"1/21/22",26,4,2,0,NA,"Col-16"
"305",102,"Col",16,"1/21/22",27,4,2,0,NA,"Col-16"
"306",102,"Col",16,"1/21/22",28,4,2,0,NA,"Col-16"
"307",103,"Col",2,"1/21/22",23,4,2,0,NA,"Col-2"
"308",103,"Col",2,"1/21/22",24,4,2,0,NA,"Col-2"
"309",103,"Col",2,"1/21/22",25,4,2,0,NA,"Col-2"
"310",104,"SALK_028815",4,"1/21/22",8,4,2,1,NA,"SALK_028815-4"
"311",104,"SALK_028815",4,"1/21/22",9,4,1,1,NA,"SALK_028815-4"
"312",104,"SALK_028815",4,"1/21/22",10,4,1,1,NA,"SALK_028815-4"
"313",105,"SALK_012835",2,"1/24/22",6,4,2,1,NA,"SALK_012835-2"
"314",105,"SALK_012835",2,"1/24/22",7,4,2,1,NA,"SALK_012835-2"
"315",105,"SALK_012835",2,"1/24/22",8,4,2,1,NA,"SALK_012835-2"
"316",106,"SALK_012835",8,"1/24/22",6,4,2,1,NA,"SALK_012835-8"
"317",106,"SALK_012835",8,"1/24/22",7,4,2,1,NA,"SALK_012835-8"
"318",106,"SALK_012835",8,"1/24/22",8,4,2,1,NA,"SALK_012835-8"
"319",107,"SALK_028815",1,"1/24/22",31,4,2,NA,NA,"SALK_028815-1"
"320",107,"SALK_028815",1,"1/24/22",32,4,2,0,NA,"SALK_028815-1"
"321",107,"SALK_028815",1,"1/24/22",33,4,2,0,NA,"SALK_028815-1"
"322",108,"SALK_028815",8,"1/24/22",33,4,2,0,NA,"SALK_028815-8"
"323",108,"SALK_028815",8,"1/24/22",34,4,2,0,NA,"SALK_028815-8"
"324",108,"SALK_028815",8,"1/24/22",35,4,2,0,NA,"SALK_028815-8"
"325",109,"Col",13,"1/24/22",29,4,2,0,NA,"Col-13"
"326",109,"Col",13,"1/24/22",30,4,2,0,NA,"Col-13"
"327",109,"Col",13,"1/24/22",16,4,1,1,NA,"Col-13"
"328",110,"Col",8,"1/24/22",31,4,2,0,NA,"Col-8"
"329",110,"Col",8,"1/24/22",32,4,2,0,NA,"Col-8"
"330",110,"Col",8,"1/24/22",33,4,2,0,NA,"Col-8"
"331",111,"Col",20,"1/24/22",24,4,2,0,NA,"Col-20"
"332",111,"Col",20,"1/24/22",25,4,2,0,NA,"Col-20"
"333",111,"Col",20,"1/24/22",26,4,2,0,NA,"Col-20"
"334",112,"Col",3,"1/25/22",16,4,1,1,NA,"Col-3"
"335",112,"Col",3,"1/25/22",17,3,2,1,NA,"Col-3"
"336",113,"Col",14,"1/25/22",29,4,1,0,NA,"Col-14"
"337",113,"Col",14,"1/25/22",30,4,2,0,NA,"Col-14"
"338",113,"Col",14,"1/25/22",31,4,2,0,NA,"Col-14"
"339",114,"Col",18,"1/25/22",21,4,1,0,NA,"Col-18"
"340",114,"Col",18,"1/25/22",22,4,2,0,NA,"Col-18"
"341",114,"Col",18,"1/25/22",13,4,1,1,NA,"Col-18"
"342",115,"SALK_055242",3,"1/25/22",29,4,2,0,NA,"SALK_055242-3"
"343",115,"SALK_055242",3,"1/25/22",30,4,1,0,NA,"SALK_055242-3"
"344",115,"SALK_055242",3,"1/25/22",13,4,2,1,NA,"SALK_055242-3"
"345",116,"SALK_055242",9,"1/25/22",37,4,2,0,NA,"SALK_055242-9"
"346",116,"SALK_055242",9,"1/25/22",38,4,2,0,NA,"SALK_055242-9"
"347",116,"SALK_055242",9,"1/25/22",39,4,2,0,NA,"SALK_055242-9"
"348",117,"Col",4,"1/25/22",27,4,1,0,NA,"Col-4"
"349",117,"Col",4,"1/25/22",28,4,2,0,NA,"Col-4"
"350",117,"Col",4,"1/25/22",29,3,2,0,NA,"Col-4"
"351",118,"Col",7,"1/25/22",31,4,2,0,NA,"Col-7"
"352",118,"Col",7,"1/25/22",32,4,2,0,NA,"Col-7"
"353",118,"Col",7,"1/25/22",12,4,2,1,NA,"Col-7"
"354",119,"SALK_065777",9,"1/25/22",25,4,1,0,NA,"SALK_065777-9"
"355",119,"SALK_065777",9,"1/25/22",26,4,2,0,NA,"SALK_065777-9"
"356",119,"SALK_065777",9,"1/25/22",27,4,2,0,NA,"SALK_065777-9"
"357",120,"SALK_065777",10,"1/25/22",26,4,2,0,NA,"SALK_065777-10"
"358",120,"SALK_065777",10,"1/25/22",27,4,2,0,NA,"SALK_065777-10"
"359",120,"SALK_065777",10,"1/25/22",28,4,2,0,NA,"SALK_065777-10"
"360",121,"SALK_065777",11,"1/25/22",26,4,2,0,NA,"SALK_065777-11"
"361",121,"SALK_065777",11,"1/25/22",27,4,2,0,NA,"SALK_065777-11"
"362",121,"SALK_065777",11,"1/25/22",28,4,2,0,NA,"SALK_065777-11"
"366",123,"Col",3,"1/27/22",19,4,2,1,NA,"Col-3"
