Tube,Line,Plant,UniqID,CollectionDate,FlowerPos,LongStamenNum,ShortStamenNum,IsSideFlower,EndTray
1,SALK_012835,3,B03,1/11/22,9,4,2,0,1
1,SALK_012835,3,B03,1/11/22,10,4,2,0,1
1,SALK_012835,3,B03,1/11/22,11,4,2,0,1
2,SALK_012835,4,B04,1/11/22,10,4,2,0,1
2,SALK_012835,4,B04,1/11/22,11,4,2,0,1
2,SALK_012835,4,B04,1/11/22,12,4,2,0,1
3,SALK_055242,2,C02,1/11/22,8,4,2,0,2
3,SALK_055242,2,C02,1/11/22,9,4,2,0,2
3,SALK_055242,2,C02,1/11/22,10,5,1,0,2
4,Col,3,A03,1/11/22,10,4,2,0,2
4,Col,3,A03,1/11/22,11,4,2,0,2
4,Col,3,A03,1/11/22,12,4,2,0,2
5,Col,5,A05,1/11/22,7,4,2,0,3
5,Col,5,A05,1/11/22,8,4,2,0,3
5,Col,5,A05,1/11/22,9,4,2,0,3
6,Col,15,A15,1/11/22,10,4,1,0,2
6,Col,15,A15,1/11/22,11,4,2,0,2
6,Col,15,A15,1/11/22,12,4,2,0,2
7,SALK_065777,6,D06,1/11/22,8,4,2,0,2
7,SALK_065777,6,D06,1/11/22,9,4,2,0,2
7,SALK_065777,6,D06,1/11/22,10,4,1,0,2
8,Col,17,A17,1/11/22,7,4,2,0,1
8,Col,17,A17,1/11/22,8,3,2,0,1
8,Col,17,A17,1/11/22,9,4,2,0,1
9,Col,1,A01,1/12/22,7,4,2,0,1
9,Col,1,A01,1/12/22,8,4,2,0,1
9,Col,1,A01,1/12/22,9,4,2,0,1
10,Col,6,A06,1/12/22,9,4,2,0,2
10,Col,6,A06,1/12/22,10,4,2,0,2
10,Col,6,A06,1/12/22,11,4,2,0,2
11,Col,7,A07,1/12/22,7,4,2,0,2
11,Col,7,A07,1/12/22,8,4,2,0,2
11,Col,7,A07,1/12/22,9,4,2,0,2
12,Col,10,A10,1/12/22,12,4,2,0,1
12,Col,10,A10,1/12/22,14,4,2,0,1
12,Col,10,A10,1/12/22,15,4,2,0,1
13,SALK_012835,8,B08,1/12/22,8,4,2,0,1
13,SALK_012835,8,B08,1/12/22,9,4,2,0,1
13,SALK_012835,8,B08,1/12/22,10,4,2,0,1
14,Col,11,A11,1/12/22,12,4,2,0,3
14,Col,11,A11,1/12/22,13,4,2,0,3
14,Col,11,A11,1/12/22,14,4,2,0,3
15,Col,12,A12,1/12/22,7,4,2,0,1
15,Col,12,A12,1/12/22,8,4,2,0,1
15,Col,12,A12,1/12/22,9,4,2,0,1
16,SALK_012835,9,B09,1/12/22,16,4,2,0,3
16,SALK_012835,9,B09,1/12/22,17,4,1,0,3
16,SALK_012835,9,B09,1/12/22,18,4,2,0,3
17,SALK_028815,11,E11,1/12/22,11,4,2,0,1
17,SALK_028815,11,E11,1/12/22,12,4,2,0,1
17,SALK_028815,11,E11,1/12/22,13,4,2,0,1
18,SALK_055242,6,C06,1/12/22,8,4,2,0,2
18,SALK_055242,6,C06,1/12/22,9,4,2,0,2
18,SALK_055242,6,C06,1/12/22,10,4,2,0,2
19,SALK_012835,2,B02,1/13/22,7,4,1,0,1
19,SALK_012835,2,B02,1/13/22,8,4,2,0,1
19,SALK_012835,2,B02,1/13/22,9,4,2,0,1
20,Col,9,A09,1/13/22,8,4,2,0,1
20,Col,9,A09,1/13/22,9,4,2,0,1
20,Col,9,A09,1/13/22,10,4,2,0,1
21,Col,16,A16,1/13/22,8,4,2,0,1
21,Col,16,A16,1/13/22,9,4,2,0,1
21,Col,16,A16,1/13/22,10,4,2,0,1
22,SALK_028815,1,E01,1/13/22,7,4,2,0,1
22,SALK_028815,1,E01,1/13/22,8,4,2,0,1
22,SALK_028815,1,E01,1/13/22,9,4,2,0,1
23,Col,2,A02,1/13/22,7,4,2,0,1
23,Col,2,A02,1/13/22,8,4,2,0,1
23,Col,2,A02,1/13/22,9,4,2,0,1
24,SALK_028815,8,E08,1/13/22,8,4,2,0,1
24,SALK_028815,8,E08,1/13/22,9,4,2,0,1
24,SALK_028815,8,E08,1/13/22,10,4,2,0,1
25,Col,13,A13,1/13/22,8,4,2,0,1
25,Col,13,A13,1/13/22,9,4,2,0,1
25,Col,13,A13,1/13/22,10,4,2,0,1
26,SALK_055242,3,C03,1/14/22,11,4,2,0,2
26,SALK_055242,3,C03,1/14/22,12,4,2,0,2
26,SALK_055242,3,C03,1/14/22,13,4,2,0,2
27,SALK_055242,9,C09,1/14/22,7,4,2,0,2
27,SALK_055242,9,C09,1/14/22,8,4,2,0,2
27,SALK_055242,9,C09,1/14/22,9,4,2,0,2
28,Col,4,A04,1/14/22,8,4,2,0,2
28,Col,4,A04,1/14/22,9,4,2,0,2
28,Col,4,A04,1/14/22,10,4,2,0,2
29,SALK_065777,9,D09,1/14/22,7,4,2,0,2
29,SALK_065777,9,D09,1/14/22,8,4,2,0,2
29,SALK_065777,9,D09,1/14/22,9,4,2,0,2
30,SALK_065777,11,D11,1/14/22,7,4,2,0,2
30,SALK_065777,11,D11,1/14/22,8,4,2,0,2
30,SALK_065777,11,D11,1/14/22,9,4,2,0,2
31,Col,19,A19,1/14/22,10,4,2,0,2
31,Col,19,A19,1/14/22,11,4,2,0,2
31,Col,19,A19,1/14/22,12,4,2,0,2
32,SALK_089563,3,F03,1/14/22,10,4,2,0,3
32,SALK_089563,3,F03,1/14/22,11,4,2,0,3
32,SALK_089563,3,F03,1/14/22,12,4,2,0,3
33,Col,8,A08,1/14/22,7,4,2,0,3
33,Col,8,A08,1/14/22,8,4,2,0,3
33,Col,8,A08,1/14/22,9,4,2,0,3
34,SALK_089563,9,F09,1/14/22,10,4,2,0,3
34,SALK_089563,9,F09,1/14/22,11,4,2,0,3
34,SALK_089563,9,F09,1/14/22,12,4,2,0,3
35,SALK_089563,11,F11,1/14/22,9,4,2,0,3
35,SALK_089563,11,F11,1/14/22,10,4,2,0,3
35,SALK_089563,11,F11,1/14/22,11,4,2,0,3
36,SALK_012835,3,B03,1/14/22,16,4,2,0,1
36,SALK_012835,3,B03,1/14/22,17,4,2,0,1
36,SALK_012835,3,B03,1/14/22,18,4,2,0,1
37,Col,10,A10,1/14/22,18,4,2,0,1
37,Col,10,A10,1/14/22,19,4,2,0,1
37,Col,10,A10,1/14/22,20,4,2,0,1
38,SALK_028815,4,E04,1/14/22,7,4,2,0,1
38,SALK_028815,4,E04,1/14/22,8,4,2,0,1
38,SALK_028815,4,E04,1/14/22,9,4,2,0,1
39,SALK_012835,3,B03,1/17/22,22,4,2,0,1
39,SALK_012835,3,B03,1/17/22,23,4,2,0,1
39,SALK_012835,3,B03,1/17/22,24,4,2,0,1
40,Col,1,A01,1/17/22,18,4,2,0,1
40,Col,1,A01,1/17/22,19,4,2,0,1
40,Col,1,A01,1/17/22,20,4,2,0,1
41,Col,9,A09,1/17/22,18,4,2,0,1
41,Col,9,A09,1/17/22,19,4,2,0,1
41,Col,9,A09,1/17/22,20,4,2,0,1
42,SALK_012835,4,B04,1/17/22,22,4,2,0,1
42,SALK_012835,4,B04,1/17/22,23,4,2,0,1
42,SALK_012835,4,B04,1/17/22,24,4,2,0,1
43,Col,12,A12,1/17/22,19,4,2,0,1
43,Col,12,A12,1/17/22,20,4,2,0,1
43,Col,12,A12,1/17/22,21,4,2,0,1
44,Col,16,A16,1/17/22,18,4,2,0,1
44,Col,16,A16,1/17/22,19,4,2,0,1
44,Col,16,A16,1/17/22,20,4,2,0,1
45,SALK_012835,8,B08,1/17/22,18,4,2,0,1
45,SALK_012835,8,B08,1/17/22,19,4,2,0,1
45,SALK_012835,8,B08,1/17/22,20,4,2,0,1
46,SALK_028815,1,E01,1/17/22,16,4,2,0,1
46,SALK_028815,1,E01,1/17/22,17,4,2,0,1
46,SALK_028815,1,E01,1/17/22,18,4,2,0,1
47,Col,2,A02,1/17/22,16,4,2,0,1
47,Col,2,A02,1/17/22,17,4,2,0,1
47,Col,2,A02,1/17/22,18,4,2,0,1
48,Col,10,A10,1/17/22,27,4,2,0,1
48,Col,10,A10,1/17/22,28,4,2,0,1
48,Col,10,A10,1/17/22,29,4,2,0,1
49,SALK_028815,8,E08,1/17/22,17,4,1,0,1
49,SALK_028815,8,E08,1/17/22,18,4,2,0,1
49,SALK_028815,8,E08,1/17/22,19,4,2,0,1
50,Col,13,A13,1/17/22,17,4,2,0,1
50,Col,13,A13,1/17/22,18,4,2,0,1
50,Col,13,A13,1/17/22,19,4,2,0,1
51,SALK_028815,11,E11,1/17/22,23,4,2,0,1
51,SALK_028815,11,E11,1/17/22,24,4,2,0,1
51,SALK_028815,11,E11,1/17/22,25,4,2,0,1
52,Col,17,A17,1/17/22,20,4,2,0,1
52,Col,17,A17,1/17/22,21,4,2,0,1
52,Col,17,A17,1/17/22,22,4,2,0,1
53,Col,5,A05,1/17/22,20,4,2,0,3
53,Col,5,A05,1/17/22,21,4,2,0,3
53,Col,5,A05,1/17/22,22,4,2,0,3
54,SALK_089563,3,F03,1/17/22,17,4,2,0,3
54,SALK_089563,3,F03,1/17/22,18,4,2,0,3
54,SALK_089563,3,F03,1/17/22,19,4,2,0,3
55,Col,11,A11,1/17/22,23,4,2,0,3
55,Col,11,A11,1/17/22,24,4,2,0,3
55,Col,11,A11,1/17/22,25,4,2,0,3
56,Col,20,A20,1/17/22,10,4,2,0,3
56,Col,20,A20,1/17/22,11,4,2,0,3
56,Col,20,A20,1/17/22,12,4,2,0,3
57,SALK_089563,7,F07,1/17/22,10,4,2,0,3
57,SALK_089563,7,F07,1/17/22,11,4,2,0,3
57,SALK_089563,7,F07,1/17/22,12,4,2,0,3
58,SALK_012835,9,B09,1/17/22,8,4,2,1,1
58,SALK_012835,9,B09,1/17/22,9,4,2,1,1
58,SALK_012835,9,B09,1/17/22,10,4,1,1,1
59,SALK_089563,9,F09,1/17/22,18,4,2,0,3
59,SALK_089563,9,F09,1/17/22,19,4,2,0,3
59,SALK_089563,9,F09,1/17/22,20,4,2,0,3
60,SALK_089563,11,F11,1/17/22,17,4,2,0,3
60,SALK_089563,11,F11,1/17/22,18,4,2,0,3
60,SALK_089563,11,F11,1/17/22,19,4,2,0,3
61,SALK_055242,2,C02,1/17/22,22,4,2,0,2
61,SALK_055242,2,C02,1/17/22,23,4,2,0,2
61,SALK_055242,2,C02,1/17/22,24,4,2,0,2
62,Col,3,A03,1/17/22,22,4,2,0,2
62,Col,3,A03,1/17/22,23,4,2,0,2
62,Col,3,A03,1/17/22,24,4,2,0,2
63,Col,6,A06,1/17/22,21,4,2,0,2
63,Col,6,A06,1/17/22,22,4,2,0,2
63,Col,6,A06,1/17/22,23,4,2,0,2
64,Col,14,A14,1/17/22,16,4,2,0,2
64,Col,14,A14,1/17/22,17,4,2,0,2
64,Col,14,A14,1/17/22,18,4,2,0,2
65,Col,18,A18,1/17/22,11,4,2,0,2
65,Col,18,A18,1/17/22,12,4,2,0,2
65,Col,18,A18,1/17/22,5,4,2,1,2
66,SALK_055242,3,C03,1/17/22,18,4,2,0,2
66,SALK_055242,3,C03,1/17/22,19,4,2,0,2
66,SALK_055242,3,C03,1/17/22,20,4,2,0,2
67,SALK_055242,6,C06,1/17/22,18,4,2,0,2
67,SALK_055242,6,C06,1/17/22,19,4,2,0,2
67,SALK_055242,6,C06,1/17/22,20,4,2,0,2
68,Col,7,A07,1/17/22,17,4,2,0,2
68,Col,7,A07,1/17/22,18,4,2,0,2
68,Col,7,A07,1/17/22,19,4,2,0,2
69,SALK_065777,6,D06,1/17/22,21,4,1,0,2
69,SALK_065777,6,D06,1/17/22,22,4,1,0,2
69,SALK_065777,6,D06,1/17/22,23,4,2,0,2
70,SALK_065777,10,D10,1/17/22,10,4,2,0,2
70,SALK_065777,10,D10,1/17/22,11,4,2,0,2
70,SALK_065777,10,D10,1/17/22,12,4,2,0,2
71,Col,15,A15,1/17/22,22,4,2,0,2
71,Col,15,A15,1/17/22,23,4,2,0,2
71,Col,15,A15,1/17/22,24,4,2,0,2
72,Col,19,A19,1/17/22,16,4,2,0,2
72,Col,19,A19,1/17/22,17,4,2,0,2
72,Col,19,A19,1/17/22,18,4,2,0,2
73,SALK_012835,2,B02,1/19/22,19,4,2,0,1
73,SALK_012835,2,B02,1/19/22,7,4,2,1,1
73,SALK_012835,2,B02,1/19/22,8,4,2,1,1
74,Col,9,A09,1/19/22,23,4,2,0,1
74,Col,9,A09,1/19/22,24,4,2,0,1
74,Col,9,A09,1/19/22,25,4,2,0,1
75,Col,12,A12,1/19/22,25,4,2,0,1
75,Col,12,A12,1/19/22,26,4,2,0,1
75,Col,12,A12,1/19/22,27,4,2,0,1
76,SALK_028815,4,E04,1/19/22,17,4,2,0,1
76,SALK_028815,4,E04,1/19/22,18,4,2,0,1
76,SALK_028815,4,E04,1/19/22,19,4,2,0,1
77,SALK_028815,11,E11,1/19/22,28,4,2,0,1
77,SALK_028815,11,E11,1/19/22,29,4,2,0,1
77,SALK_028815,11,E11,1/19/22,30,4,2,0,1
78,Col,17,A17,1/19/22,25,4,2,0,1
78,Col,17,A17,1/19/22,26,4,2,0,1
78,Col,17,A17,1/19/22,27,4,2,0,1
79,SALK_055242,2,C02,1/19/22,27,4,2,0,2
79,SALK_055242,2,C02,1/19/22,28,4,2,0,2
79,SALK_055242,2,C02,1/19/22,29,4,2,0,2
80,Col,6,A06,1/19/22,25,4,2,0,2
80,Col,6,A06,1/19/22,26,4,2,0,2
80,Col,6,A06,1/19/22,27,4,1,0,2
81,Col,18,A18,1/19/22,13,4,2,0,2
81,Col,18,A18,1/19/22,14,4,2,0,2
81,Col,18,A18,1/19/22,8,4,2,1,2
82,SALK_055242,6,C06,1/19/22,23,4,2,0,2
82,SALK_055242,6,C06,1/19/22,24,4,2,0,2
82,SALK_055242,6,C06,1/19/22,25,4,2,0,2
83,SALK_055242,9,C09,1/19/22,23,4,2,0,2
83,SALK_055242,9,C09,1/19/22,24,4,2,0,2
83,SALK_055242,9,C09,1/19/22,25,4,2,0,2
84,Col,4,A04,1/19/22,18,4,2,0,2
84,Col,4,A04,1/19/22,19,4,2,0,2
84,Col,4,A04,1/21/22,22,4,2,0,2
85,SALK_065777,6,D06,1/21/22,29,4,2,0,2
85,SALK_065777,6,D06,1/21/22,30,4,1,0,2
85,SALK_065777,6,D06,1/21/22,31,4,1,0,2
86,SALK_065777,9,D09,1/21/22,19,4,2,0,2
86,SALK_065777,9,D09,1/21/22,20,4,2,0,2
86,SALK_065777,9,D09,1/21/22,8,4,2,1,2
87,SALK_065777,10,D10,1/21/22,16,4,2,0,2
87,SALK_065777,10,D10,1/21/22,17,4,2,0,2
87,SALK_065777,10,D10,1/21/22,18,4,2,0,2
88,Col,15,A15,1/21/22,31,4,2,0,2
88,Col,15,A15,1/21/22,32,4,2,0,2
88,Col,15,A15,1/21/22,19,4,1,1,2
89,SALK_065777,11,D11,1/21/22,20,4,2,0,2
89,SALK_065777,11,D11,1/21/22,21,4,2,0,2
89,SALK_065777,11,D11,1/21/22,10,4,2,1,2
90,Col,19,A19,1/21/22,23,4,2,0,2
90,Col,19,A19,1/21/22,24,4,2,0,2
90,Col,19,A19,1/21/22,25,4,2,0,2
91,Col,5,A05,1/21/22,28,4,2,0,3
91,Col,5,A05,1/21/22,29,4,2,0,3
91,Col,5,A05,1/21/22,30,4,2,0,3
92,SALK_089563,3,F03,1/21/22,26,4,2,0,3
92,SALK_089563,3,F03,1/21/22,27,4,2,0,3
92,SALK_089563,3,F03,1/21/22,28,4,2,0,3
93,Col,8,A08,1/21/22,23,4,2,0,3
93,Col,8,A08,1/21/22,24,4,2,0,3
93,Col,8,A08,1/21/22,25,4,2,0,3
94,Col,11,A11,1/21/22,30,4,2,0,3
94,Col,11,A11,1/21/22,31,4,2,0,3
94,Col,11,A11,1/21/22,32,4,2,0,3
95,Col,20,A20,1/21/22,17,4,2,0,3
95,Col,20,A20,1/21/22,18,4,2,0,3
95,Col,20,A20,1/21/22,19,4,2,0,3
96,SALK_012835,9,B09,1/21/22,13,4,2,1,3
96,SALK_012835,9,B09,1/21/22,14,4,2,1,3
96,SALK_012835,9,B09,1/21/22,15,4,2,1,3
97,SALK_089563,9,F09,1/21/22,26,4,2,0,3
97,SALK_089563,9,F09,1/21/22,27,4,2,0,3
97,SALK_089563,9,F09,1/21/22,28,4,2,0,3
98,SALK_089563,11,F11,1/21/22,27,4,1,0,3
98,SALK_089563,11,F11,1/21/22,28,4,2,0,3
98,SALK_089563,11,F11,1/21/22,29,4,1,0,3
99,SALK_089563,7,F07,1/21/22,20,4,2,0,3
99,SALK_089563,7,F07,1/21/22,21,4,1,0,3
99,SALK_089563,7,F07,1/21/22,22,4,2,0,3
100,Col,1,A01,1/21/22,28,4,2,0,1
100,Col,1,A01,1/21/22,29,4,2,0,1
100,Col,1,A01,1/21/22,30,4,2,0,1
101,SALK_012835,4,B04,1/21/22,27,4,2,0,1
101,SALK_012835,4,B04,1/21/22,28,4,2,0,1
101,SALK_012835,4,B04,1/21/22,29,4,2,0,1
102,Col,16,A16,1/21/22,26,4,2,0,1
102,Col,16,A16,1/21/22,27,4,2,0,1
102,Col,16,A16,1/21/22,28,4,2,0,1
103,Col,2,A02,1/21/22,23,4,2,0,1
103,Col,2,A02,1/21/22,24,4,2,0,1
103,Col,2,A02,1/21/22,25,4,2,0,1
104,SALK_028815,4,E04,1/21/22,8,4,2,1,1
104,SALK_028815,4,E04,1/21/22,9,4,1,1,1
104,SALK_028815,4,E04,1/21/22,10,4,1,1,1
105,SALK_012835,2,B02,1/24/22,6,4,2,1,1
105,SALK_012835,2,B02,1/24/22,7,4,2,1,1
105,SALK_012835,2,B02,1/24/22,8,4,2,1,1
106,SALK_012835,8,B08,1/24/22,6,4,2,1,1
106,SALK_012835,8,B08,1/24/22,7,4,2,1,1
106,SALK_012835,8,B08,1/24/22,8,4,2,1,1
107,SALK_028815,1,E01,1/24/22,31,4,2,,1
107,SALK_028815,1,E01,1/24/22,32,4,2,0,1
107,SALK_028815,1,E01,1/24/22,33,4,2,0,1
108,SALK_028815,8,E08,1/24/22,33,4,2,0,1
108,SALK_028815,8,E08,1/24/22,34,4,2,0,1
108,SALK_028815,8,E08,1/24/22,35,4,2,0,1
109,Col,13,A13,1/24/22,29,4,2,0,1
109,Col,13,A13,1/24/22,30,4,2,0,1
109,Col,13,A13,1/24/22,16,4,1,1,1
110,Col,8,A08,1/24/22,31,4,2,0,3
110,Col,8,A08,1/24/22,32,4,2,0,3
110,Col,8,A08,1/24/22,33,4,2,0,3
111,Col,20,A20,1/24/22,24,4,2,0,3
111,Col,20,A20,1/24/22,25,4,2,0,3
111,Col,20,A20,1/24/22,26,4,2,0,3
112,Col,3,A03,1/25/22,16,4,1,1,2
112,Col,3,A03,1/25/22,17,3,2,1,2
113,Col,14,A14,1/25/22,29,4,1,0,2
113,Col,14,A14,1/25/22,30,4,2,0,2
113,Col,14,A14,1/25/22,31,4,2,0,2
114,Col,18,A18,1/25/22,21,4,1,0,2
114,Col,18,A18,1/25/22,22,4,2,0,2
114,Col,18,A18,1/25/22,13,4,1,1,2
115,SALK_055242,3,C03,1/25/22,29,4,2,0,2
115,SALK_055242,3,C03,1/25/22,30,4,1,0,2
115,SALK_055242,3,C03,1/25/22,13,4,2,1,2
116,SALK_055242,9,C09,1/25/22,37,4,2,0,2
116,SALK_055242,9,C09,1/25/22,38,4,2,0,2
116,SALK_055242,9,C09,1/25/22,39,4,2,0,2
117,Col,4,A04,1/25/22,27,4,1,0,2
117,Col,4,A04,1/25/22,28,4,2,0,2
117,Col,4,A04,1/25/22,29,3,2,0,2
118,Col,7,A07,1/25/22,31,4,2,0,2
118,Col,7,A07,1/25/22,32,4,2,0,2
118,Col,7,A07,1/25/22,12,4,2,1,2
119,SALK_065777,9,D09,1/25/22,25,4,1,0,2
119,SALK_065777,9,D09,1/25/22,26,4,2,0,2
119,SALK_065777,9,D09,1/25/22,27,4,2,0,2
120,SALK_065777,10,D10,1/25/22,26,4,2,0,2
120,SALK_065777,10,D10,1/25/22,27,4,2,0,2
120,SALK_065777,10,D10,1/25/22,28,4,2,0,2
121,SALK_065777,11,D11,1/25/22,26,4,2,0,2
121,SALK_065777,11,D11,1/25/22,27,4,2,0,2
121,SALK_065777,11,D11,1/25/22,28,4,2,0,2
122,SALK_089563,7,F07,1/25/22,32,4,2,0,3
122,SALK_089563,7,F07,1/25/22,33,4,2,0,3
122,SALK_089563,7,F07,1/25/22,31,4,2,0,3
123,Col,3,A03,1/27/22,19,4,2,1,2