Tube,Line,rep_num,CollectionDate,FlowerPos,LongStamenNum,ShortStamenNum,IsSideFlower,collection
1,SALK_012835,3,1/11/22,9,4,2,0,
1,SALK_012835,3,1/11/22,10,4,2,0,
1,SALK_012835,3,1/11/22,11,4,2,0,
2,SALK_012835,4,1/11/22,10,4,2,0,
2,SALK_012835,4,1/11/22,11,4,2,0,
2,SALK_012835,4,1/11/22,12,4,2,0,
3,SALK_055242,2,1/11/22,8,4,2,0,
3,SALK_055242,2,1/11/22,9,4,2,0,
3,SALK_055242,2,1/11/22,10,5,1,0,
4,Col,3,1/11/22,10,4,2,0,
4,Col,3,1/11/22,11,4,2,0,
4,Col,3,1/11/22,12,4,2,0,
5,Col,5,1/11/22,7,4,2,0,
5,Col,5,1/11/22,8,4,2,0,
5,Col,5,1/11/22,9,4,2,0,
6,Col,15,1/11/22,10,4,1,0,
6,Col,15,1/11/22,11,4,2,0,
6,Col,15,1/11/22,12,4,2,0,
7,SALK_065777,6,1/11/22,8,4,2,0,
7,SALK_065777,6,1/11/22,9,4,2,0,
7,SALK_065777,6,1/11/22,10,4,1,0,
8,Col,17,1/11/22,7,4,2,0,
8,Col,17,1/11/22,8,3,2,0,
8,Col,17,1/11/22,9,4,2,0,
9,Col,1,1/12/22,7,4,2,0,
9,Col,1,1/12/22,8,4,2,0,
9,Col,1,1/12/22,9,4,2,0,
10,Col,6,1/12/22,9,4,2,0,
10,Col,6,1/12/22,10,4,2,0,
10,Col,6,1/12/22,11,4,2,0,
11,Col,7,1/12/22,7,4,2,0,
11,Col,7,1/12/22,8,4,2,0,
11,Col,7,1/12/22,9,4,2,0,
12,Col,10,1/12/22,12,4,2,0,
12,Col,10,1/12/22,14,4,2,0,
12,Col,10,1/12/22,15,4,2,0,
13,SALK_012835,8,1/12/22,8,4,2,0,
13,SALK_012835,8,1/12/22,9,4,2,0,
13,SALK_012835,8,1/12/22,10,4,2,0,
14,Col,11,1/12/22,12,4,2,0,
14,Col,11,1/12/22,13,4,2,0,
14,Col,11,1/12/22,14,4,2,0,
15,Col,12,1/12/22,7,4,2,0,
15,Col,12,1/12/22,8,4,2,0,
15,Col,12,1/12/22,9,4,2,0,
16,SALK_012835,9,1/12/22,16,4,2,0,
16,SALK_012835,9,1/12/22,17,4,1,0,
16,SALK_012835,9,1/12/22,18,4,2,0,
17,SALK_028815,11,1/12/22,11,4,2,0,
17,SALK_028815,11,1/12/22,12,4,2,0,
17,SALK_028815,11,1/12/22,13,4,2,0,
18,SALK_055242,6,1/12/22,8,4,2,0,
18,SALK_055242,6,1/12/22,9,4,2,0,
18,SALK_055242,6,1/12/22,10,4,2,0,
19,SALK_012835,2,1/13/22,7,4,1,0,
19,SALK_012835,2,1/13/22,8,4,2,0,
19,SALK_012835,2,1/13/22,9,4,2,0,
20,Col,9,1/13/22,8,4,2,0,
20,Col,9,1/13/22,9,4,2,0,
20,Col,9,1/13/22,10,4,2,0,
21,Col,16,1/13/22,8,4,2,0,
21,Col,16,1/13/22,9,4,2,0,
21,Col,16,1/13/22,10,4,2,0,
22,SALK_028815,1,1/13/22,7,4,2,0,
22,SALK_028815,1,1/13/22,8,4,2,0,
22,SALK_028815,1,1/13/22,9,4,2,0,
23,Col,2,1/13/22,7,4,2,0,
23,Col,2,1/13/22,8,4,2,0,
23,Col,2,1/13/22,9,4,2,0,
24,SALK_028815,8,1/13/22,8,4,2,0,
24,SALK_028815,8,1/13/22,9,4,2,0,
24,SALK_028815,8,1/13/22,10,4,2,0,
25,Col,13,1/13/22,8,4,2,0,
25,Col,13,1/13/22,9,4,2,0,
25,Col,13,1/13/22,10,4,2,0,
26,SALK_055242,3,1/14/22,11,4,2,0,
26,SALK_055242,3,1/14/22,12,4,2,0,
26,SALK_055242,3,1/14/22,13,4,2,0,
27,SALK_055242,9,1/14/22,7,4,2,0,
27,SALK_055242,9,1/14/22,8,4,2,0,
27,SALK_055242,9,1/14/22,9,4,2,0,
28,Col,4,1/14/22,8,4,2,0,
28,Col,4,1/14/22,9,4,2,0,
28,Col,4,1/14/22,10,4,2,0,
29,SALK_065777,9,1/14/22,7,4,2,0,
29,SALK_065777,9,1/14/22,8,4,2,0,
29,SALK_065777,9,1/14/22,9,4,2,0,
30,SALK_065777,11,1/14/22,7,4,2,0,
30,SALK_065777,11,1/14/22,8,4,2,0,
30,SALK_065777,11,1/14/22,9,4,2,0,
31,Col,19,1/14/22,10,4,2,0,
31,Col,19,1/14/22,11,4,2,0,
31,Col,19,1/14/22,12,4,2,0,
32,SALK_089563,3,1/14/22,10,4,2,0,
32,SALK_089563,3,1/14/22,11,4,2,0,
32,SALK_089563,3,1/14/22,12,4,2,0,
33,Col,8,1/14/22,7,4,2,0,
33,Col,8,1/14/22,8,4,2,0,
33,Col,8,1/14/22,9,4,2,0,
34,SALK_089563,9,1/14/22,10,4,2,0,
34,SALK_089563,9,1/14/22,11,4,2,0,
34,SALK_089563,9,1/14/22,12,4,2,0,
35,SALK_089563,11,1/14/22,9,4,2,0,
35,SALK_089563,11,1/14/22,10,4,2,0,
35,SALK_089563,11,1/14/22,11,4,2,0,
36,SALK_012835,3,1/14/22,16,4,2,0,
36,SALK_012835,3,1/14/22,17,4,2,0,
36,SALK_012835,3,1/14/22,18,4,2,0,
37,Col,10,1/14/22,18,4,2,0,
37,Col,10,1/14/22,19,4,2,0,
37,Col,10,1/14/22,20,4,2,0,
38,SALK_028815,4,1/14/22,7,4,2,0,
38,SALK_028815,4,1/14/22,8,4,2,0,
38,SALK_028815,4,1/14/22,9,4,2,0,
39,SALK_012835,3,1/17/22,22,4,2,0,
39,SALK_012835,3,1/17/22,23,4,2,0,
39,SALK_012835,3,1/17/22,24,4,2,0,
40,Col,1,1/17/22,18,4,2,0,
40,Col,1,1/17/22,19,4,2,0,
40,Col,1,1/17/22,20,4,2,0,
41,Col,9,1/17/22,18,4,2,0,
41,Col,9,1/17/22,19,4,2,0,
41,Col,9,1/17/22,20,4,2,0,
42,SALK_012835,4,1/17/22,22,4,2,0,
42,SALK_012835,4,1/17/22,23,4,2,0,
42,SALK_012835,4,1/17/22,24,4,2,0,
43,Col,12,1/17/22,19,4,2,0,
43,Col,12,1/17/22,20,4,2,0,
43,Col,12,1/17/22,21,4,2,0,
44,Col,16,1/17/22,18,4,2,0,
44,Col,16,1/17/22,19,4,2,0,
44,Col,16,1/17/22,20,4,2,0,
45,SALK_012835,8,1/17/22,18,4,2,0,
45,SALK_012835,8,1/17/22,19,4,2,0,
45,SALK_012835,8,1/17/22,20,4,2,0,
46,SALK_028815,1,1/17/22,16,4,2,0,
46,SALK_028815,1,1/17/22,17,4,2,0,
46,SALK_028815,1,1/17/22,18,4,2,0,
47,Col,2,1/17/22,16,4,2,0,
47,Col,2,1/17/22,17,4,2,0,
47,Col,2,1/17/22,18,4,2,0,
48,Col,10,1/17/22,27,4,2,0,
48,Col,10,1/17/22,28,4,2,0,
48,Col,10,1/17/22,29,4,2,0,
49,SALK_028815,8,1/17/22,17,4,1,0,
49,SALK_028815,8,1/17/22,18,4,2,0,
49,SALK_028815,8,1/17/22,19,4,2,0,
50,Col,13,1/17/22,17,4,2,0,
50,Col,13,1/17/22,18,4,2,0,
50,Col,13,1/17/22,19,4,2,0,
51,SALK_028815,11,1/17/22,23,4,2,0,
51,SALK_028815,11,1/17/22,24,4,2,0,
51,SALK_028815,11,1/17/22,25,4,2,0,
52,Col,17,1/17/22,20,4,2,0,
52,Col,17,1/17/22,21,4,2,0,
52,Col,17,1/17/22,22,4,2,0,
53,Col,5,1/17/22,20,4,2,0,
53,Col,5,1/17/22,21,4,2,0,
53,Col,5,1/17/22,22,4,2,0,
54,SALK_089563,3,1/17/22,17,4,2,0,
54,SALK_089563,3,1/17/22,18,4,2,0,
54,SALK_089563,3,1/17/22,19,4,2,0,
55,Col,11,1/17/22,23,4,2,0,
55,Col,11,1/17/22,24,4,2,0,
55,Col,11,1/17/22,25,4,2,0,
56,Col,20,1/17/22,10,4,2,0,
56,Col,20,1/17/22,11,4,2,0,
56,Col,20,1/17/22,12,4,2,0,
57,SALK_089563,7,1/17/22,10,4,2,0,
57,SALK_089563,7,1/17/22,11,4,2,0,
57,SALK_089563,7,1/17/22,12,4,2,0,
58,SALK_012835,9,1/17/22,8,4,2,1,
58,SALK_012835,9,1/17/22,9,4,2,1,
58,SALK_012835,9,1/17/22,10,4,1,1,
59,SALK_089563,9,1/17/22,18,4,2,0,
59,SALK_089563,9,1/17/22,19,4,2,0,
59,SALK_089563,9,1/17/22,20,4,2,0,
60,SALK_089563,11,1/17/22,17,4,2,0,
60,SALK_089563,11,1/17/22,18,4,2,0,
60,SALK_089563,11,1/17/22,19,4,2,0,
61,SALK_055242,2,1/17/22,22,4,2,0,
61,SALK_055242,2,1/17/22,23,4,2,0,
61,SALK_055242,2,1/17/22,24,4,2,0,
62,Col,3,1/17/22,22,4,2,0,
62,Col,3,1/17/22,23,4,2,0,
62,Col,3,1/17/22,24,4,2,0,
63,Col,6,1/17/22,21,4,2,0,
63,Col,6,1/17/22,22,4,2,0,
63,Col,6,1/17/22,23,4,2,0,
64,Col,14,1/17/22,16,4,2,0,
64,Col,14,1/17/22,17,4,2,0,
64,Col,14,1/17/22,18,4,2,0,
65,Col,18,1/17/22,11,4,2,0,
65,Col,18,1/17/22,12,4,2,0,
65,Col,18,1/17/22,5,4,2,1,
66,SALK_055242,3,1/17/22,18,4,2,0,
66,SALK_055242,3,1/17/22,19,4,2,0,
66,SALK_055242,3,1/17/22,20,4,2,0,
67,SALK_055242,6,1/17/22,18,4,2,0,
67,SALK_055242,6,1/17/22,19,4,2,0,
67,SALK_055242,6,1/17/22,20,4,2,0,
68,Col,7,1/17/22,17,4,2,0,
68,Col,7,1/17/22,18,4,2,0,
68,Col,7,1/17/22,19,4,2,0,
69,SALK_065777,6,1/17/22,21,4,1,0,
69,SALK_065777,6,1/17/22,22,4,1,0,
69,SALK_065777,6,1/17/22,23,4,2,0,
70,SALK_065777,10,1/17/22,10,4,2,0,
70,SALK_065777,10,1/17/22,11,4,2,0,
70,SALK_065777,10,1/17/22,12,4,2,0,
71,Col,15,1/17/22,22,4,2,0,
71,Col,15,1/17/22,23,4,2,0,
71,Col,15,1/17/22,24,4,2,0,
72,Col,19,1/17/22,16,4,2,0,
72,Col,19,1/17/22,17,4,2,0,
72,Col,19,1/17/22,18,4,2,0,
73,SALK_012835,2,1/19/22,19,4,2,0,
73,SALK_012835,2,1/19/22,7,4,2,1,
73,SALK_012835,2,1/19/22,8,4,2,1,
74,Col,9,1/19/22,23,4,2,0,
74,Col,9,1/19/22,24,4,2,0,
74,Col,9,1/19/22,25,4,2,0,
75,Col,12,1/19/22,25,4,2,0,
75,Col,12,1/19/22,26,4,2,0,
75,Col,12,1/19/22,27,4,2,0,
76,SALK_028815,4,1/19/22,17,4,2,0,
76,SALK_028815,4,1/19/22,18,4,2,0,
76,SALK_028815,4,1/19/22,19,4,2,0,
77,SALK_028815,11,1/19/22,28,4,2,0,
77,SALK_028815,11,1/19/22,29,4,2,0,
77,SALK_028815,11,1/19/22,30,4,2,0,
78,Col,17,1/19/22,25,4,2,0,
78,Col,17,1/19/22,26,4,2,0,
78,Col,17,1/19/22,27,4,2,0,
79,SALK_055242,2,1/19/22,27,4,2,0,
79,SALK_055242,2,1/19/22,28,4,2,0,
79,SALK_055242,2,1/19/22,29,4,2,0,
80,Col,6,1/19/22,25,4,2,0,
80,Col,6,1/19/22,26,4,2,0,
80,Col,6,1/19/22,27,4,1,0,
81,Col,18,1/19/22,13,4,2,0,
81,Col,18,1/19/22,14,4,2,0,
81,Col,18,1/19/22,8,4,2,1,
82,SALK_055242,6,1/19/22,23,4,2,0,
82,SALK_055242,6,1/19/22,24,4,2,0,
82,SALK_055242,6,1/19/22,25,4,2,0,
83,SALK_055242,9,1/19/22,23,4,2,0,
83,SALK_055242,9,1/19/22,24,4,2,0,
83,SALK_055242,9,1/19/22,25,4,2,0,
84,Col,4,1/19/22,18,4,2,0,
84,Col,4,1/19/22,19,4,2,0,
84,Col,4,1/21/22,22,4,2,0,
85,SALK_065777,6,1/21/22,29,4,2,0,
85,SALK_065777,6,1/21/22,30,4,1,0,
85,SALK_065777,6,1/21/22,31,4,1,0,
86,SALK_065777,9,1/21/22,19,4,2,0,
86,SALK_065777,9,1/21/22,20,4,2,0,
86,SALK_065777,9,1/21/22,8,4,2,1,
87,SALK_065777,10,1/21/22,16,4,2,0,
87,SALK_065777,10,1/21/22,17,4,2,0,
87,SALK_065777,10,1/21/22,18,4,2,0,
88,Col,15,1/21/22,31,4,2,0,
88,Col,15,1/21/22,32,4,2,0,
88,Col,15,1/21/22,19,4,1,1,
89,SALK_065777,11,1/21/22,20,4,2,0,
89,SALK_065777,11,1/21/22,21,4,2,0,
89,SALK_065777,11,1/21/22,10,4,2,1,
90,Col,19,1/21/22,23,4,2,0,
90,Col,19,1/21/22,24,4,2,0,
90,Col,19,1/21/22,25,4,2,0,
91,Col,5,1/21/22,28,4,2,0,
91,Col,5,1/21/22,29,4,2,0,
91,Col,5,1/21/22,30,4,2,0,
92,SALK_089563,3,1/21/22,26,4,2,0,
92,SALK_089563,3,1/21/22,27,4,2,0,
92,SALK_089563,3,1/21/22,28,4,2,0,
93,Col,8,1/21/22,23,4,2,0,
93,Col,8,1/21/22,24,4,2,0,
93,Col,8,1/21/22,25,4,2,0,
94,Col,11,1/21/22,30,4,2,0,
94,Col,11,1/21/22,31,4,2,0,
94,Col,11,1/21/22,32,4,2,0,
95,Col,20,1/21/22,17,4,2,0,
95,Col,20,1/21/22,18,4,2,0,
95,Col,20,1/21/22,19,4,2,0,
96,SALK_012835,9,1/21/22,13,4,2,1,
96,SALK_012835,9,1/21/22,14,4,2,1,
96,SALK_012835,9,1/21/22,15,4,2,1,
97,SALK_089563,9,1/21/22,26,4,2,0,
97,SALK_089563,9,1/21/22,27,4,2,0,
97,SALK_089563,9,1/21/22,28,4,2,0,
98,SALK_089563,11,1/21/22,27,4,1,0,
98,SALK_089563,11,1/21/22,28,4,2,0,
98,SALK_089563,11,1/21/22,29,4,1,0,
99,SALK_089563,7,1/21/22,20,4,2,0,
99,SALK_089563,7,1/21/22,21,4,1,0,
99,SALK_089563,7,1/21/22,22,4,2,0,
100,Col,1,1/21/22,28,4,2,0,
100,Col,1,1/21/22,29,4,2,0,
100,Col,1,1/21/22,30,4,2,0,
101,SALK_012835,4,1/21/22,27,4,2,0,
101,SALK_012835,4,1/21/22,28,4,2,0,
101,SALK_012835,4,1/21/22,29,4,2,0,
102,Col,16,1/21/22,26,4,2,0,
102,Col,16,1/21/22,27,4,2,0,
102,Col,16,1/21/22,28,4,2,0,
103,Col,2,1/21/22,23,4,2,0,
103,Col,2,1/21/22,24,4,2,0,
103,Col,2,1/21/22,25,4,2,0,
104,SALK_028815,4,1/21/22,8,4,2,1,
104,SALK_028815,4,1/21/22,9,4,1,1,
104,SALK_028815,4,1/21/22,10,4,1,1,
105,SALK_012835,2,1/24/22,6,4,2,1,
105,SALK_012835,2,1/24/22,7,4,2,1,
105,SALK_012835,2,1/24/22,8,4,2,1,
106,SALK_012835,8,1/24/22,6,4,2,1,
106,SALK_012835,8,1/24/22,7,4,2,1,
106,SALK_012835,8,1/24/22,8,4,2,1,
107,SALK_028815,1,1/24/22,31,4,2,,
107,SALK_028815,1,1/24/22,32,4,2,0,
107,SALK_028815,1,1/24/22,33,4,2,0,
108,SALK_028815,8,1/24/22,33,4,2,0,
108,SALK_028815,8,1/24/22,34,4,2,0,
108,SALK_028815,8,1/24/22,35,4,2,0,
109,Col,13,1/24/22,29,4,2,0,
109,Col,13,1/24/22,30,4,2,0,
109,Col,13,1/24/22,16,4,1,1,
110,Col,8,1/24/22,31,4,2,0,
110,Col,8,1/24/22,32,4,2,0,
110,Col,8,1/24/22,33,4,2,0,
111,Col,20,1/24/22,24,4,2,0,
111,Col,20,1/24/22,25,4,2,0,
111,Col,20,1/24/22,26,4,2,0,
112,Col,3,1/25/22,16,4,1,1,
112,Col,3,1/25/22,17,3,2,1,
113,Col,14,1/25/22,29,4,1,0,
113,Col,14,1/25/22,30,4,2,0,
113,Col,14,1/25/22,31,4,2,0,
114,Col,18,1/25/22,21,4,1,0,
114,Col,18,1/25/22,22,4,2,0,
114,Col,18,1/25/22,13,4,1,1,
115,SALK_055242,3,1/25/22,29,4,2,0,
115,SALK_055242,3,1/25/22,30,4,1,0,
115,SALK_055242,3,1/25/22,13,4,2,1,
116,SALK_055242,9,1/25/22,37,4,2,0,
116,SALK_055242,9,1/25/22,38,4,2,0,
116,SALK_055242,9,1/25/22,39,4,2,0,
117,Col,4,1/25/22,27,4,1,0,
117,Col,4,1/25/22,28,4,2,0,
117,Col,4,1/25/22,29,3,2,0,
118,Col,7,1/25/22,31,4,2,0,
118,Col,7,1/25/22,32,4,2,0,
118,Col,7,1/25/22,12,4,2,1,
119,SALK_065777,9,1/25/22,25,4,1,0,
119,SALK_065777,9,1/25/22,26,4,2,0,
119,SALK_065777,9,1/25/22,27,4,2,0,
120,SALK_065777,10,1/25/22,26,4,2,0,
120,SALK_065777,10,1/25/22,27,4,2,0,
120,SALK_065777,10,1/25/22,28,4,2,0,
121,SALK_065777,11,1/25/22,26,4,2,0,
121,SALK_065777,11,1/25/22,27,4,2,0,
121,SALK_065777,11,1/25/22,28,4,2,0,
122,SALK_089563,7,1/25/22,32,4,2,0,
122,SALK_089563,7,1/25/22,33,4,2,0,
122,SALK_089563,7,1/25/22,31,4,2,0,
123,Col,3,1/27/22,19,4,2,1,